run_id,fid,iid,rep
10_1_0,10,1,0
10_1_1,10,1,1
10_1_10,10,1,10
10_1_11,10,1,11
10_1_12,10,1,12
10_1_13,10,1,13
10_1_14,10,1,14
10_1_15,10,1,15
10_1_16,10,1,16
10_1_17,10,1,17
10_1_18,10,1,18
10_1_19,10,1,19
10_1_2,10,1,2
10_1_3,10,1,3
10_1_4,10,1,4
10_1_5,10,1,5
10_1_6,10,1,6
10_1_7,10,1,7
10_1_8,10,1,8
10_1_9,10,1,9
10_2_0,10,2,0
10_2_1,10,2,1
10_2_10,10,2,10
10_2_11,10,2,11
10_2_12,10,2,12
10_2_13,10,2,13
10_2_14,10,2,14
10_2_15,10,2,15
10_2_16,10,2,16
10_2_17,10,2,17
10_2_18,10,2,18
10_2_19,10,2,19
10_2_2,10,2,2
10_2_3,10,2,3
10_2_4,10,2,4
10_2_5,10,2,5
10_2_6,10,2,6
10_2_7,10,2,7
10_2_8,10,2,8
10_2_9,10,2,9
10_3_0,10,3,0
10_3_1,10,3,1
10_3_10,10,3,10
10_3_11,10,3,11
10_3_12,10,3,12
10_3_13,10,3,13
10_3_14,10,3,14
10_3_15,10,3,15
10_3_16,10,3,16
10_3_17,10,3,17
10_3_18,10,3,18
10_3_19,10,3,19
10_3_2,10,3,2
10_3_3,10,3,3
10_3_4,10,3,4
10_3_5,10,3,5
10_3_6,10,3,6
10_3_7,10,3,7
10_3_8,10,3,8
10_3_9,10,3,9
10_4_0,10,4,0
10_4_1,10,4,1
10_4_10,10,4,10
10_4_11,10,4,11
10_4_12,10,4,12
10_4_13,10,4,13
10_4_14,10,4,14
10_4_15,10,4,15
10_4_16,10,4,16
10_4_17,10,4,17
10_4_18,10,4,18
10_4_19,10,4,19
10_4_2,10,4,2
10_4_3,10,4,3
10_4_4,10,4,4
10_4_5,10,4,5
10_4_6,10,4,6
10_4_7,10,4,7
10_4_8,10,4,8
10_4_9,10,4,9
10_5_0,10,5,0
10_5_1,10,5,1
10_5_10,10,5,10
10_5_11,10,5,11
10_5_12,10,5,12
10_5_13,10,5,13
10_5_14,10,5,14
10_5_15,10,5,15
10_5_16,10,5,16
10_5_17,10,5,17
10_5_18,10,5,18
10_5_19,10,5,19
10_5_2,10,5,2
10_5_3,10,5,3
10_5_4,10,5,4
10_5_5,10,5,5
10_5_6,10,5,6
10_5_7,10,5,7
10_5_8,10,5,8
10_5_9,10,5,9
10_6_0,10,6,0
10_6_1,10,6,1
10_6_10,10,6,10
10_6_11,10,6,11
10_6_12,10,6,12
10_6_13,10,6,13
10_6_14,10,6,14
10_6_15,10,6,15
10_6_16,10,6,16
10_6_17,10,6,17
10_6_18,10,6,18
10_6_19,10,6,19
10_6_2,10,6,2
10_6_3,10,6,3
10_6_4,10,6,4
10_6_5,10,6,5
10_6_6,10,6,6
10_6_7,10,6,7
10_6_8,10,6,8
10_6_9,10,6,9
10_7_0,10,7,0
10_7_1,10,7,1
10_7_10,10,7,10
10_7_11,10,7,11
10_7_12,10,7,12
10_7_13,10,7,13
10_7_14,10,7,14
10_7_15,10,7,15
10_7_16,10,7,16
10_7_17,10,7,17
10_7_18,10,7,18
10_7_19,10,7,19
10_7_2,10,7,2
10_7_3,10,7,3
10_7_4,10,7,4
10_7_5,10,7,5
10_7_6,10,7,6
10_7_7,10,7,7
10_7_8,10,7,8
10_7_9,10,7,9
11_1_0,11,1,0
11_1_1,11,1,1
11_1_10,11,1,10
11_1_11,11,1,11
11_1_12,11,1,12
11_1_13,11,1,13
11_1_14,11,1,14
11_1_15,11,1,15
11_1_16,11,1,16
11_1_17,11,1,17
11_1_18,11,1,18
11_1_19,11,1,19
11_1_2,11,1,2
11_1_3,11,1,3
11_1_4,11,1,4
11_1_5,11,1,5
11_1_6,11,1,6
11_1_7,11,1,7
11_1_8,11,1,8
11_1_9,11,1,9
11_2_0,11,2,0
11_2_1,11,2,1
11_2_10,11,2,10
11_2_11,11,2,11
11_2_12,11,2,12
11_2_13,11,2,13
11_2_14,11,2,14
11_2_15,11,2,15
11_2_16,11,2,16
11_2_17,11,2,17
11_2_18,11,2,18
11_2_19,11,2,19
11_2_2,11,2,2
11_2_3,11,2,3
11_2_4,11,2,4
11_2_5,11,2,5
11_2_6,11,2,6
11_2_7,11,2,7
11_2_8,11,2,8
11_2_9,11,2,9
11_3_0,11,3,0
11_3_1,11,3,1
11_3_10,11,3,10
11_3_11,11,3,11
11_3_12,11,3,12
11_3_13,11,3,13
11_3_14,11,3,14
11_3_15,11,3,15
11_3_16,11,3,16
11_3_17,11,3,17
11_3_18,11,3,18
11_3_19,11,3,19
11_3_2,11,3,2
11_3_3,11,3,3
11_3_4,11,3,4
11_3_5,11,3,5
11_3_6,11,3,6
11_3_7,11,3,7
11_3_8,11,3,8
11_3_9,11,3,9
11_4_0,11,4,0
11_4_1,11,4,1
11_4_10,11,4,10
11_4_11,11,4,11
11_4_12,11,4,12
11_4_13,11,4,13
11_4_14,11,4,14
11_4_15,11,4,15
11_4_16,11,4,16
11_4_17,11,4,17
11_4_18,11,4,18
11_4_19,11,4,19
11_4_2,11,4,2
11_4_3,11,4,3
11_4_4,11,4,4
11_4_5,11,4,5
11_4_6,11,4,6
11_4_7,11,4,7
11_4_8,11,4,8
11_4_9,11,4,9
11_5_0,11,5,0
11_5_1,11,5,1
11_5_10,11,5,10
11_5_11,11,5,11
11_5_12,11,5,12
11_5_13,11,5,13
11_5_14,11,5,14
11_5_15,11,5,15
11_5_16,11,5,16
11_5_17,11,5,17
11_5_18,11,5,18
11_5_19,11,5,19
11_5_2,11,5,2
11_5_3,11,5,3
11_5_4,11,5,4
11_5_5,11,5,5
11_5_6,11,5,6
11_5_7,11,5,7
11_5_8,11,5,8
11_5_9,11,5,9
11_6_0,11,6,0
11_6_1,11,6,1
11_6_10,11,6,10
11_6_11,11,6,11
11_6_12,11,6,12
11_6_13,11,6,13
11_6_14,11,6,14
11_6_15,11,6,15
11_6_16,11,6,16
11_6_17,11,6,17
11_6_18,11,6,18
11_6_19,11,6,19
11_6_2,11,6,2
11_6_3,11,6,3
11_6_4,11,6,4
11_6_5,11,6,5
11_6_6,11,6,6
11_6_7,11,6,7
11_6_8,11,6,8
11_6_9,11,6,9
11_7_0,11,7,0
11_7_1,11,7,1
11_7_10,11,7,10
11_7_11,11,7,11
11_7_12,11,7,12
11_7_13,11,7,13
11_7_14,11,7,14
11_7_15,11,7,15
11_7_16,11,7,16
11_7_17,11,7,17
11_7_18,11,7,18
11_7_19,11,7,19
11_7_2,11,7,2
11_7_3,11,7,3
11_7_4,11,7,4
11_7_5,11,7,5
11_7_6,11,7,6
11_7_7,11,7,7
11_7_8,11,7,8
11_7_9,11,7,9
12_1_0,12,1,0
12_1_1,12,1,1
12_1_10,12,1,10
12_1_11,12,1,11
12_1_12,12,1,12
12_1_13,12,1,13
12_1_14,12,1,14
12_1_15,12,1,15
12_1_16,12,1,16
12_1_17,12,1,17
12_1_18,12,1,18
12_1_19,12,1,19
12_1_2,12,1,2
12_1_3,12,1,3
12_1_4,12,1,4
12_1_5,12,1,5
12_1_6,12,1,6
12_1_7,12,1,7
12_1_8,12,1,8
12_1_9,12,1,9
12_2_0,12,2,0
12_2_1,12,2,1
12_2_10,12,2,10
12_2_11,12,2,11
12_2_12,12,2,12
12_2_13,12,2,13
12_2_14,12,2,14
12_2_15,12,2,15
12_2_16,12,2,16
12_2_17,12,2,17
12_2_18,12,2,18
12_2_19,12,2,19
12_2_2,12,2,2
12_2_3,12,2,3
12_2_4,12,2,4
12_2_5,12,2,5
12_2_6,12,2,6
12_2_7,12,2,7
12_2_8,12,2,8
12_2_9,12,2,9
12_3_0,12,3,0
12_3_1,12,3,1
12_3_10,12,3,10
12_3_11,12,3,11
12_3_12,12,3,12
12_3_13,12,3,13
12_3_14,12,3,14
12_3_15,12,3,15
12_3_16,12,3,16
12_3_17,12,3,17
12_3_18,12,3,18
12_3_19,12,3,19
12_3_2,12,3,2
12_3_3,12,3,3
12_3_4,12,3,4
12_3_5,12,3,5
12_3_6,12,3,6
12_3_7,12,3,7
12_3_8,12,3,8
12_3_9,12,3,9
12_4_0,12,4,0
12_4_1,12,4,1
12_4_10,12,4,10
12_4_11,12,4,11
12_4_12,12,4,12
12_4_13,12,4,13
12_4_14,12,4,14
12_4_15,12,4,15
12_4_16,12,4,16
12_4_17,12,4,17
12_4_18,12,4,18
12_4_19,12,4,19
12_4_2,12,4,2
12_4_3,12,4,3
12_4_4,12,4,4
12_4_5,12,4,5
12_4_6,12,4,6
12_4_7,12,4,7
12_4_8,12,4,8
12_4_9,12,4,9
12_5_0,12,5,0
12_5_1,12,5,1
12_5_10,12,5,10
12_5_11,12,5,11
12_5_12,12,5,12
12_5_13,12,5,13
12_5_14,12,5,14
12_5_15,12,5,15
12_5_16,12,5,16
12_5_17,12,5,17
12_5_18,12,5,18
12_5_19,12,5,19
12_5_2,12,5,2
12_5_3,12,5,3
12_5_4,12,5,4
12_5_5,12,5,5
12_5_6,12,5,6
12_5_7,12,5,7
12_5_8,12,5,8
12_5_9,12,5,9
12_6_0,12,6,0
12_6_1,12,6,1
12_6_10,12,6,10
12_6_11,12,6,11
12_6_12,12,6,12
12_6_13,12,6,13
12_6_14,12,6,14
12_6_15,12,6,15
12_6_16,12,6,16
12_6_17,12,6,17
12_6_18,12,6,18
12_6_19,12,6,19
12_6_2,12,6,2
12_6_3,12,6,3
12_6_4,12,6,4
12_6_5,12,6,5
12_6_6,12,6,6
12_6_7,12,6,7
12_6_8,12,6,8
12_6_9,12,6,9
12_7_0,12,7,0
12_7_1,12,7,1
12_7_10,12,7,10
12_7_11,12,7,11
12_7_12,12,7,12
12_7_13,12,7,13
12_7_14,12,7,14
12_7_15,12,7,15
12_7_16,12,7,16
12_7_17,12,7,17
12_7_18,12,7,18
12_7_19,12,7,19
12_7_2,12,7,2
12_7_3,12,7,3
12_7_4,12,7,4
12_7_5,12,7,5
12_7_6,12,7,6
12_7_7,12,7,7
12_7_8,12,7,8
12_7_9,12,7,9
13_1_0,13,1,0
13_1_1,13,1,1
13_1_10,13,1,10
13_1_11,13,1,11
13_1_12,13,1,12
13_1_13,13,1,13
13_1_14,13,1,14
13_1_15,13,1,15
13_1_16,13,1,16
13_1_17,13,1,17
13_1_18,13,1,18
13_1_19,13,1,19
13_1_2,13,1,2
13_1_3,13,1,3
13_1_4,13,1,4
13_1_5,13,1,5
13_1_6,13,1,6
13_1_7,13,1,7
13_1_8,13,1,8
13_1_9,13,1,9
13_2_0,13,2,0
13_2_1,13,2,1
13_2_10,13,2,10
13_2_11,13,2,11
13_2_12,13,2,12
13_2_13,13,2,13
13_2_14,13,2,14
13_2_15,13,2,15
13_2_16,13,2,16
13_2_17,13,2,17
13_2_18,13,2,18
13_2_19,13,2,19
13_2_2,13,2,2
13_2_3,13,2,3
13_2_4,13,2,4
13_2_5,13,2,5
13_2_6,13,2,6
13_2_7,13,2,7
13_2_8,13,2,8
13_2_9,13,2,9
13_3_0,13,3,0
13_3_1,13,3,1
13_3_10,13,3,10
13_3_11,13,3,11
13_3_12,13,3,12
13_3_13,13,3,13
13_3_14,13,3,14
13_3_15,13,3,15
13_3_16,13,3,16
13_3_17,13,3,17
13_3_18,13,3,18
13_3_19,13,3,19
13_3_2,13,3,2
13_3_3,13,3,3
13_3_4,13,3,4
13_3_5,13,3,5
13_3_6,13,3,6
13_3_7,13,3,7
13_3_8,13,3,8
13_3_9,13,3,9
13_4_0,13,4,0
13_4_1,13,4,1
13_4_10,13,4,10
13_4_11,13,4,11
13_4_12,13,4,12
13_4_13,13,4,13
13_4_14,13,4,14
13_4_15,13,4,15
13_4_16,13,4,16
13_4_17,13,4,17
13_4_18,13,4,18
13_4_19,13,4,19
13_4_2,13,4,2
13_4_3,13,4,3
13_4_4,13,4,4
13_4_5,13,4,5
13_4_6,13,4,6
13_4_7,13,4,7
13_4_8,13,4,8
13_4_9,13,4,9
13_5_0,13,5,0
13_5_1,13,5,1
13_5_10,13,5,10
13_5_11,13,5,11
13_5_12,13,5,12
13_5_13,13,5,13
13_5_14,13,5,14
13_5_15,13,5,15
13_5_16,13,5,16
13_5_17,13,5,17
13_5_18,13,5,18
13_5_19,13,5,19
13_5_2,13,5,2
13_5_3,13,5,3
13_5_4,13,5,4
13_5_5,13,5,5
13_5_6,13,5,6
13_5_7,13,5,7
13_5_8,13,5,8
13_5_9,13,5,9
13_6_0,13,6,0
13_6_1,13,6,1
13_6_10,13,6,10
13_6_11,13,6,11
13_6_12,13,6,12
13_6_13,13,6,13
13_6_14,13,6,14
13_6_15,13,6,15
13_6_16,13,6,16
13_6_17,13,6,17
13_6_18,13,6,18
13_6_19,13,6,19
13_6_2,13,6,2
13_6_3,13,6,3
13_6_4,13,6,4
13_6_5,13,6,5
13_6_6,13,6,6
13_6_7,13,6,7
13_6_8,13,6,8
13_6_9,13,6,9
13_7_0,13,7,0
13_7_1,13,7,1
13_7_10,13,7,10
13_7_11,13,7,11
13_7_12,13,7,12
13_7_13,13,7,13
13_7_14,13,7,14
13_7_15,13,7,15
13_7_16,13,7,16
13_7_17,13,7,17
13_7_18,13,7,18
13_7_19,13,7,19
13_7_2,13,7,2
13_7_3,13,7,3
13_7_4,13,7,4
13_7_5,13,7,5
13_7_6,13,7,6
13_7_7,13,7,7
13_7_8,13,7,8
13_7_9,13,7,9
14_1_0,14,1,0
14_1_1,14,1,1
14_1_10,14,1,10
14_1_11,14,1,11
14_1_12,14,1,12
14_1_13,14,1,13
14_1_14,14,1,14
14_1_15,14,1,15
14_1_16,14,1,16
14_1_17,14,1,17
14_1_18,14,1,18
14_1_19,14,1,19
14_1_2,14,1,2
14_1_3,14,1,3
14_1_4,14,1,4
14_1_5,14,1,5
14_1_6,14,1,6
14_1_7,14,1,7
14_1_8,14,1,8
14_1_9,14,1,9
14_2_0,14,2,0
14_2_1,14,2,1
14_2_10,14,2,10
14_2_11,14,2,11
14_2_12,14,2,12
14_2_13,14,2,13
14_2_14,14,2,14
14_2_15,14,2,15
14_2_16,14,2,16
14_2_17,14,2,17
14_2_18,14,2,18
14_2_19,14,2,19
14_2_2,14,2,2
14_2_3,14,2,3
14_2_4,14,2,4
14_2_5,14,2,5
14_2_6,14,2,6
14_2_7,14,2,7
14_2_8,14,2,8
14_2_9,14,2,9
14_3_0,14,3,0
14_3_1,14,3,1
14_3_10,14,3,10
14_3_11,14,3,11
14_3_12,14,3,12
14_3_13,14,3,13
14_3_14,14,3,14
14_3_15,14,3,15
14_3_16,14,3,16
14_3_17,14,3,17
14_3_18,14,3,18
14_3_19,14,3,19
14_3_2,14,3,2
14_3_3,14,3,3
14_3_4,14,3,4
14_3_5,14,3,5
14_3_6,14,3,6
14_3_7,14,3,7
14_3_8,14,3,8
14_3_9,14,3,9
14_4_0,14,4,0
14_4_1,14,4,1
14_4_10,14,4,10
14_4_11,14,4,11
14_4_12,14,4,12
14_4_13,14,4,13
14_4_14,14,4,14
14_4_15,14,4,15
14_4_16,14,4,16
14_4_17,14,4,17
14_4_18,14,4,18
14_4_19,14,4,19
14_4_2,14,4,2
14_4_3,14,4,3
14_4_4,14,4,4
14_4_5,14,4,5
14_4_6,14,4,6
14_4_7,14,4,7
14_4_8,14,4,8
14_4_9,14,4,9
14_5_0,14,5,0
14_5_1,14,5,1
14_5_10,14,5,10
14_5_11,14,5,11
14_5_12,14,5,12
14_5_13,14,5,13
14_5_14,14,5,14
14_5_15,14,5,15
14_5_16,14,5,16
14_5_17,14,5,17
14_5_18,14,5,18
14_5_19,14,5,19
14_5_2,14,5,2
14_5_3,14,5,3
14_5_4,14,5,4
14_5_5,14,5,5
14_5_6,14,5,6
14_5_7,14,5,7
14_5_8,14,5,8
14_5_9,14,5,9
14_6_0,14,6,0
14_6_1,14,6,1
14_6_10,14,6,10
14_6_11,14,6,11
14_6_12,14,6,12
14_6_13,14,6,13
14_6_14,14,6,14
14_6_15,14,6,15
14_6_16,14,6,16
14_6_17,14,6,17
14_6_18,14,6,18
14_6_19,14,6,19
14_6_2,14,6,2
14_6_3,14,6,3
14_6_4,14,6,4
14_6_5,14,6,5
14_6_6,14,6,6
14_6_7,14,6,7
14_6_8,14,6,8
14_6_9,14,6,9
14_7_0,14,7,0
14_7_1,14,7,1
14_7_10,14,7,10
14_7_11,14,7,11
14_7_12,14,7,12
14_7_13,14,7,13
14_7_14,14,7,14
14_7_15,14,7,15
14_7_16,14,7,16
14_7_17,14,7,17
14_7_18,14,7,18
14_7_19,14,7,19
14_7_2,14,7,2
14_7_3,14,7,3
14_7_4,14,7,4
14_7_5,14,7,5
14_7_6,14,7,6
14_7_7,14,7,7
14_7_8,14,7,8
14_7_9,14,7,9
15_1_0,15,1,0
15_1_1,15,1,1
15_1_10,15,1,10
15_1_11,15,1,11
15_1_12,15,1,12
15_1_13,15,1,13
15_1_14,15,1,14
15_1_15,15,1,15
15_1_16,15,1,16
15_1_17,15,1,17
15_1_18,15,1,18
15_1_19,15,1,19
15_1_2,15,1,2
15_1_3,15,1,3
15_1_4,15,1,4
15_1_5,15,1,5
15_1_6,15,1,6
15_1_7,15,1,7
15_1_8,15,1,8
15_1_9,15,1,9
15_2_0,15,2,0
15_2_1,15,2,1
15_2_10,15,2,10
15_2_11,15,2,11
15_2_12,15,2,12
15_2_13,15,2,13
15_2_14,15,2,14
15_2_15,15,2,15
15_2_16,15,2,16
15_2_17,15,2,17
15_2_18,15,2,18
15_2_19,15,2,19
15_2_2,15,2,2
15_2_3,15,2,3
15_2_4,15,2,4
15_2_5,15,2,5
15_2_6,15,2,6
15_2_7,15,2,7
15_2_8,15,2,8
15_2_9,15,2,9
15_3_0,15,3,0
15_3_1,15,3,1
15_3_10,15,3,10
15_3_11,15,3,11
15_3_12,15,3,12
15_3_13,15,3,13
15_3_14,15,3,14
15_3_15,15,3,15
15_3_16,15,3,16
15_3_17,15,3,17
15_3_18,15,3,18
15_3_19,15,3,19
15_3_2,15,3,2
15_3_3,15,3,3
15_3_4,15,3,4
15_3_5,15,3,5
15_3_6,15,3,6
15_3_7,15,3,7
15_3_8,15,3,8
15_3_9,15,3,9
15_4_0,15,4,0
15_4_1,15,4,1
15_4_10,15,4,10
15_4_11,15,4,11
15_4_12,15,4,12
15_4_13,15,4,13
15_4_14,15,4,14
15_4_15,15,4,15
15_4_16,15,4,16
15_4_17,15,4,17
15_4_18,15,4,18
15_4_19,15,4,19
15_4_2,15,4,2
15_4_3,15,4,3
15_4_4,15,4,4
15_4_5,15,4,5
15_4_6,15,4,6
15_4_7,15,4,7
15_4_8,15,4,8
15_4_9,15,4,9
15_5_0,15,5,0
15_5_1,15,5,1
15_5_10,15,5,10
15_5_11,15,5,11
15_5_12,15,5,12
15_5_13,15,5,13
15_5_14,15,5,14
15_5_15,15,5,15
15_5_16,15,5,16
15_5_17,15,5,17
15_5_18,15,5,18
15_5_19,15,5,19
15_5_2,15,5,2
15_5_3,15,5,3
15_5_4,15,5,4
15_5_5,15,5,5
15_5_6,15,5,6
15_5_7,15,5,7
15_5_8,15,5,8
15_5_9,15,5,9
15_6_0,15,6,0
15_6_1,15,6,1
15_6_10,15,6,10
15_6_11,15,6,11
15_6_12,15,6,12
15_6_13,15,6,13
15_6_14,15,6,14
15_6_15,15,6,15
15_6_16,15,6,16
15_6_17,15,6,17
15_6_18,15,6,18
15_6_19,15,6,19
15_6_2,15,6,2
15_6_3,15,6,3
15_6_4,15,6,4
15_6_5,15,6,5
15_6_6,15,6,6
15_6_7,15,6,7
15_6_8,15,6,8
15_6_9,15,6,9
15_7_0,15,7,0
15_7_1,15,7,1
15_7_10,15,7,10
15_7_11,15,7,11
15_7_12,15,7,12
15_7_13,15,7,13
15_7_14,15,7,14
15_7_15,15,7,15
15_7_16,15,7,16
15_7_17,15,7,17
15_7_18,15,7,18
15_7_19,15,7,19
15_7_2,15,7,2
15_7_3,15,7,3
15_7_4,15,7,4
15_7_5,15,7,5
15_7_6,15,7,6
15_7_7,15,7,7
15_7_8,15,7,8
15_7_9,15,7,9
16_1_0,16,1,0
16_1_1,16,1,1
16_1_10,16,1,10
16_1_11,16,1,11
16_1_12,16,1,12
16_1_13,16,1,13
16_1_14,16,1,14
16_1_15,16,1,15
16_1_16,16,1,16
16_1_17,16,1,17
16_1_18,16,1,18
16_1_19,16,1,19
16_1_2,16,1,2
16_1_3,16,1,3
16_1_4,16,1,4
16_1_5,16,1,5
16_1_6,16,1,6
16_1_7,16,1,7
16_1_8,16,1,8
16_1_9,16,1,9
16_2_0,16,2,0
16_2_1,16,2,1
16_2_10,16,2,10
16_2_11,16,2,11
16_2_12,16,2,12
16_2_13,16,2,13
16_2_14,16,2,14
16_2_15,16,2,15
16_2_16,16,2,16
16_2_17,16,2,17
16_2_18,16,2,18
16_2_19,16,2,19
16_2_2,16,2,2
16_2_3,16,2,3
16_2_4,16,2,4
16_2_5,16,2,5
16_2_6,16,2,6
16_2_7,16,2,7
16_2_8,16,2,8
16_2_9,16,2,9
16_3_0,16,3,0
16_3_1,16,3,1
16_3_10,16,3,10
16_3_11,16,3,11
16_3_12,16,3,12
16_3_13,16,3,13
16_3_14,16,3,14
16_3_15,16,3,15
16_3_16,16,3,16
16_3_17,16,3,17
16_3_18,16,3,18
16_3_19,16,3,19
16_3_2,16,3,2
16_3_3,16,3,3
16_3_4,16,3,4
16_3_5,16,3,5
16_3_6,16,3,6
16_3_7,16,3,7
16_3_8,16,3,8
16_3_9,16,3,9
16_4_0,16,4,0
16_4_1,16,4,1
16_4_10,16,4,10
16_4_11,16,4,11
16_4_12,16,4,12
16_4_13,16,4,13
16_4_14,16,4,14
16_4_15,16,4,15
16_4_16,16,4,16
16_4_17,16,4,17
16_4_18,16,4,18
16_4_19,16,4,19
16_4_2,16,4,2
16_4_3,16,4,3
16_4_4,16,4,4
16_4_5,16,4,5
16_4_6,16,4,6
16_4_7,16,4,7
16_4_8,16,4,8
16_4_9,16,4,9
16_5_0,16,5,0
16_5_1,16,5,1
16_5_10,16,5,10
16_5_11,16,5,11
16_5_12,16,5,12
16_5_13,16,5,13
16_5_14,16,5,14
16_5_15,16,5,15
16_5_16,16,5,16
16_5_17,16,5,17
16_5_18,16,5,18
16_5_19,16,5,19
16_5_2,16,5,2
16_5_3,16,5,3
16_5_4,16,5,4
16_5_5,16,5,5
16_5_6,16,5,6
16_5_7,16,5,7
16_5_8,16,5,8
16_5_9,16,5,9
16_6_0,16,6,0
16_6_1,16,6,1
16_6_10,16,6,10
16_6_11,16,6,11
16_6_12,16,6,12
16_6_13,16,6,13
16_6_14,16,6,14
16_6_15,16,6,15
16_6_16,16,6,16
16_6_17,16,6,17
16_6_18,16,6,18
16_6_19,16,6,19
16_6_2,16,6,2
16_6_3,16,6,3
16_6_4,16,6,4
16_6_5,16,6,5
16_6_6,16,6,6
16_6_7,16,6,7
16_6_8,16,6,8
16_6_9,16,6,9
16_7_0,16,7,0
16_7_1,16,7,1
16_7_10,16,7,10
16_7_11,16,7,11
16_7_12,16,7,12
16_7_13,16,7,13
16_7_14,16,7,14
16_7_15,16,7,15
16_7_16,16,7,16
16_7_17,16,7,17
16_7_18,16,7,18
16_7_19,16,7,19
16_7_2,16,7,2
16_7_3,16,7,3
16_7_4,16,7,4
16_7_5,16,7,5
16_7_6,16,7,6
16_7_7,16,7,7
16_7_8,16,7,8
16_7_9,16,7,9
17_1_0,17,1,0
17_1_1,17,1,1
17_1_10,17,1,10
17_1_11,17,1,11
17_1_12,17,1,12
17_1_13,17,1,13
17_1_14,17,1,14
17_1_15,17,1,15
17_1_16,17,1,16
17_1_17,17,1,17
17_1_18,17,1,18
17_1_19,17,1,19
17_1_2,17,1,2
17_1_3,17,1,3
17_1_4,17,1,4
17_1_5,17,1,5
17_1_6,17,1,6
17_1_7,17,1,7
17_1_8,17,1,8
17_1_9,17,1,9
17_2_0,17,2,0
17_2_1,17,2,1
17_2_10,17,2,10
17_2_11,17,2,11
17_2_12,17,2,12
17_2_13,17,2,13
17_2_14,17,2,14
17_2_15,17,2,15
17_2_16,17,2,16
17_2_17,17,2,17
17_2_18,17,2,18
17_2_19,17,2,19
17_2_2,17,2,2
17_2_3,17,2,3
17_2_4,17,2,4
17_2_5,17,2,5
17_2_6,17,2,6
17_2_7,17,2,7
17_2_8,17,2,8
17_2_9,17,2,9
17_3_0,17,3,0
17_3_1,17,3,1
17_3_10,17,3,10
17_3_11,17,3,11
17_3_12,17,3,12
17_3_13,17,3,13
17_3_14,17,3,14
17_3_15,17,3,15
17_3_16,17,3,16
17_3_17,17,3,17
17_3_18,17,3,18
17_3_19,17,3,19
17_3_2,17,3,2
17_3_3,17,3,3
17_3_4,17,3,4
17_3_5,17,3,5
17_3_6,17,3,6
17_3_7,17,3,7
17_3_8,17,3,8
17_3_9,17,3,9
17_4_0,17,4,0
17_4_1,17,4,1
17_4_10,17,4,10
17_4_11,17,4,11
17_4_12,17,4,12
17_4_13,17,4,13
17_4_14,17,4,14
17_4_15,17,4,15
17_4_16,17,4,16
17_4_17,17,4,17
17_4_18,17,4,18
17_4_19,17,4,19
17_4_2,17,4,2
17_4_3,17,4,3
17_4_4,17,4,4
17_4_5,17,4,5
17_4_6,17,4,6
17_4_7,17,4,7
17_4_8,17,4,8
17_4_9,17,4,9
17_5_0,17,5,0
17_5_1,17,5,1
17_5_10,17,5,10
17_5_11,17,5,11
17_5_12,17,5,12
17_5_13,17,5,13
17_5_14,17,5,14
17_5_15,17,5,15
17_5_16,17,5,16
17_5_17,17,5,17
17_5_18,17,5,18
17_5_19,17,5,19
17_5_2,17,5,2
17_5_3,17,5,3
17_5_4,17,5,4
17_5_5,17,5,5
17_5_6,17,5,6
17_5_7,17,5,7
17_5_8,17,5,8
17_5_9,17,5,9
17_6_0,17,6,0
17_6_1,17,6,1
17_6_10,17,6,10
17_6_11,17,6,11
17_6_12,17,6,12
17_6_13,17,6,13
17_6_14,17,6,14
17_6_15,17,6,15
17_6_16,17,6,16
17_6_17,17,6,17
17_6_18,17,6,18
17_6_19,17,6,19
17_6_2,17,6,2
17_6_3,17,6,3
17_6_4,17,6,4
17_6_5,17,6,5
17_6_6,17,6,6
17_6_7,17,6,7
17_6_8,17,6,8
17_6_9,17,6,9
17_7_0,17,7,0
17_7_1,17,7,1
17_7_10,17,7,10
17_7_11,17,7,11
17_7_12,17,7,12
17_7_13,17,7,13
17_7_14,17,7,14
17_7_15,17,7,15
17_7_16,17,7,16
17_7_17,17,7,17
17_7_18,17,7,18
17_7_19,17,7,19
17_7_2,17,7,2
17_7_3,17,7,3
17_7_4,17,7,4
17_7_5,17,7,5
17_7_6,17,7,6
17_7_7,17,7,7
17_7_8,17,7,8
17_7_9,17,7,9
18_1_0,18,1,0
18_1_1,18,1,1
18_1_10,18,1,10
18_1_11,18,1,11
18_1_12,18,1,12
18_1_13,18,1,13
18_1_14,18,1,14
18_1_15,18,1,15
18_1_16,18,1,16
18_1_17,18,1,17
18_1_18,18,1,18
18_1_19,18,1,19
18_1_2,18,1,2
18_1_3,18,1,3
18_1_4,18,1,4
18_1_5,18,1,5
18_1_6,18,1,6
18_1_7,18,1,7
18_1_8,18,1,8
18_1_9,18,1,9
18_2_0,18,2,0
18_2_1,18,2,1
18_2_10,18,2,10
18_2_11,18,2,11
18_2_12,18,2,12
18_2_13,18,2,13
18_2_14,18,2,14
18_2_15,18,2,15
18_2_16,18,2,16
18_2_17,18,2,17
18_2_18,18,2,18
18_2_19,18,2,19
18_2_2,18,2,2
18_2_3,18,2,3
18_2_4,18,2,4
18_2_5,18,2,5
18_2_6,18,2,6
18_2_7,18,2,7
18_2_8,18,2,8
18_2_9,18,2,9
18_3_0,18,3,0
18_3_1,18,3,1
18_3_10,18,3,10
18_3_11,18,3,11
18_3_12,18,3,12
18_3_13,18,3,13
18_3_14,18,3,14
18_3_15,18,3,15
18_3_16,18,3,16
18_3_17,18,3,17
18_3_18,18,3,18
18_3_19,18,3,19
18_3_2,18,3,2
18_3_3,18,3,3
18_3_4,18,3,4
18_3_5,18,3,5
18_3_6,18,3,6
18_3_7,18,3,7
18_3_8,18,3,8
18_3_9,18,3,9
18_4_0,18,4,0
18_4_1,18,4,1
18_4_10,18,4,10
18_4_11,18,4,11
18_4_12,18,4,12
18_4_13,18,4,13
18_4_14,18,4,14
18_4_15,18,4,15
18_4_16,18,4,16
18_4_17,18,4,17
18_4_18,18,4,18
18_4_19,18,4,19
18_4_2,18,4,2
18_4_3,18,4,3
18_4_4,18,4,4
18_4_5,18,4,5
18_4_6,18,4,6
18_4_7,18,4,7
18_4_8,18,4,8
18_4_9,18,4,9
18_5_0,18,5,0
18_5_1,18,5,1
18_5_10,18,5,10
18_5_11,18,5,11
18_5_12,18,5,12
18_5_13,18,5,13
18_5_14,18,5,14
18_5_15,18,5,15
18_5_16,18,5,16
18_5_17,18,5,17
18_5_18,18,5,18
18_5_19,18,5,19
18_5_2,18,5,2
18_5_3,18,5,3
18_5_4,18,5,4
18_5_5,18,5,5
18_5_6,18,5,6
18_5_7,18,5,7
18_5_8,18,5,8
18_5_9,18,5,9
18_6_0,18,6,0
18_6_1,18,6,1
18_6_10,18,6,10
18_6_11,18,6,11
18_6_12,18,6,12
18_6_13,18,6,13
18_6_14,18,6,14
18_6_15,18,6,15
18_6_16,18,6,16
18_6_17,18,6,17
18_6_18,18,6,18
18_6_19,18,6,19
18_6_2,18,6,2
18_6_3,18,6,3
18_6_4,18,6,4
18_6_5,18,6,5
18_6_6,18,6,6
18_6_7,18,6,7
18_6_8,18,6,8
18_6_9,18,6,9
18_7_0,18,7,0
18_7_1,18,7,1
18_7_10,18,7,10
18_7_11,18,7,11
18_7_12,18,7,12
18_7_13,18,7,13
18_7_14,18,7,14
18_7_15,18,7,15
18_7_16,18,7,16
18_7_17,18,7,17
18_7_18,18,7,18
18_7_19,18,7,19
18_7_2,18,7,2
18_7_3,18,7,3
18_7_4,18,7,4
18_7_5,18,7,5
18_7_6,18,7,6
18_7_7,18,7,7
18_7_8,18,7,8
18_7_9,18,7,9
19_1_0,19,1,0
19_1_1,19,1,1
19_1_10,19,1,10
19_1_11,19,1,11
19_1_12,19,1,12
19_1_13,19,1,13
19_1_14,19,1,14
19_1_15,19,1,15
19_1_16,19,1,16
19_1_17,19,1,17
19_1_18,19,1,18
19_1_19,19,1,19
19_1_2,19,1,2
19_1_3,19,1,3
19_1_4,19,1,4
19_1_5,19,1,5
19_1_6,19,1,6
19_1_7,19,1,7
19_1_8,19,1,8
19_1_9,19,1,9
19_2_0,19,2,0
19_2_1,19,2,1
19_2_10,19,2,10
19_2_11,19,2,11
19_2_12,19,2,12
19_2_13,19,2,13
19_2_14,19,2,14
19_2_15,19,2,15
19_2_16,19,2,16
19_2_17,19,2,17
19_2_18,19,2,18
19_2_19,19,2,19
19_2_2,19,2,2
19_2_3,19,2,3
19_2_4,19,2,4
19_2_5,19,2,5
19_2_6,19,2,6
19_2_7,19,2,7
19_2_8,19,2,8
19_2_9,19,2,9
19_3_0,19,3,0
19_3_1,19,3,1
19_3_10,19,3,10
19_3_11,19,3,11
19_3_12,19,3,12
19_3_13,19,3,13
19_3_14,19,3,14
19_3_15,19,3,15
19_3_16,19,3,16
19_3_17,19,3,17
19_3_18,19,3,18
19_3_19,19,3,19
19_3_2,19,3,2
19_3_3,19,3,3
19_3_4,19,3,4
19_3_5,19,3,5
19_3_6,19,3,6
19_3_7,19,3,7
19_3_8,19,3,8
19_3_9,19,3,9
19_4_0,19,4,0
19_4_1,19,4,1
19_4_10,19,4,10
19_4_11,19,4,11
19_4_12,19,4,12
19_4_13,19,4,13
19_4_14,19,4,14
19_4_15,19,4,15
19_4_16,19,4,16
19_4_17,19,4,17
19_4_18,19,4,18
19_4_19,19,4,19
19_4_2,19,4,2
19_4_3,19,4,3
19_4_4,19,4,4
19_4_5,19,4,5
19_4_6,19,4,6
19_4_7,19,4,7
19_4_8,19,4,8
19_4_9,19,4,9
19_5_0,19,5,0
19_5_1,19,5,1
19_5_10,19,5,10
19_5_11,19,5,11
19_5_12,19,5,12
19_5_13,19,5,13
19_5_14,19,5,14
19_5_15,19,5,15
19_5_16,19,5,16
19_5_17,19,5,17
19_5_18,19,5,18
19_5_19,19,5,19
19_5_2,19,5,2
19_5_3,19,5,3
19_5_4,19,5,4
19_5_5,19,5,5
19_5_6,19,5,6
19_5_7,19,5,7
19_5_8,19,5,8
19_5_9,19,5,9
19_6_0,19,6,0
19_6_1,19,6,1
19_6_10,19,6,10
19_6_11,19,6,11
19_6_12,19,6,12
19_6_13,19,6,13
19_6_14,19,6,14
19_6_15,19,6,15
19_6_16,19,6,16
19_6_17,19,6,17
19_6_18,19,6,18
19_6_19,19,6,19
19_6_2,19,6,2
19_6_3,19,6,3
19_6_4,19,6,4
19_6_5,19,6,5
19_6_6,19,6,6
19_6_7,19,6,7
19_6_8,19,6,8
19_6_9,19,6,9
19_7_0,19,7,0
19_7_1,19,7,1
19_7_10,19,7,10
19_7_11,19,7,11
19_7_12,19,7,12
19_7_13,19,7,13
19_7_14,19,7,14
19_7_15,19,7,15
19_7_16,19,7,16
19_7_17,19,7,17
19_7_18,19,7,18
19_7_19,19,7,19
19_7_2,19,7,2
19_7_3,19,7,3
19_7_4,19,7,4
19_7_5,19,7,5
19_7_6,19,7,6
19_7_7,19,7,7
19_7_8,19,7,8
19_7_9,19,7,9
1_1_0,1,1,0
1_1_1,1,1,1
1_1_10,1,1,10
1_1_11,1,1,11
1_1_12,1,1,12
1_1_13,1,1,13
1_1_14,1,1,14
1_1_15,1,1,15
1_1_16,1,1,16
1_1_17,1,1,17
1_1_18,1,1,18
1_1_19,1,1,19
1_1_2,1,1,2
1_1_3,1,1,3
1_1_4,1,1,4
1_1_5,1,1,5
1_1_6,1,1,6
1_1_7,1,1,7
1_1_8,1,1,8
1_1_9,1,1,9
1_2_0,1,2,0
1_2_1,1,2,1
1_2_10,1,2,10
1_2_11,1,2,11
1_2_12,1,2,12
1_2_13,1,2,13
1_2_14,1,2,14
1_2_15,1,2,15
1_2_16,1,2,16
1_2_17,1,2,17
1_2_18,1,2,18
1_2_19,1,2,19
1_2_2,1,2,2
1_2_3,1,2,3
1_2_4,1,2,4
1_2_5,1,2,5
1_2_6,1,2,6
1_2_7,1,2,7
1_2_8,1,2,8
1_2_9,1,2,9
1_3_0,1,3,0
1_3_1,1,3,1
1_3_10,1,3,10
1_3_11,1,3,11
1_3_12,1,3,12
1_3_13,1,3,13
1_3_14,1,3,14
1_3_15,1,3,15
1_3_16,1,3,16
1_3_17,1,3,17
1_3_18,1,3,18
1_3_19,1,3,19
1_3_2,1,3,2
1_3_3,1,3,3
1_3_4,1,3,4
1_3_5,1,3,5
1_3_6,1,3,6
1_3_7,1,3,7
1_3_8,1,3,8
1_3_9,1,3,9
1_4_0,1,4,0
1_4_1,1,4,1
1_4_10,1,4,10
1_4_11,1,4,11
1_4_12,1,4,12
1_4_13,1,4,13
1_4_14,1,4,14
1_4_15,1,4,15
1_4_16,1,4,16
1_4_17,1,4,17
1_4_18,1,4,18
1_4_19,1,4,19
1_4_2,1,4,2
1_4_3,1,4,3
1_4_4,1,4,4
1_4_5,1,4,5
1_4_6,1,4,6
1_4_7,1,4,7
1_4_8,1,4,8
1_4_9,1,4,9
1_5_0,1,5,0
1_5_1,1,5,1
1_5_10,1,5,10
1_5_11,1,5,11
1_5_12,1,5,12
1_5_13,1,5,13
1_5_14,1,5,14
1_5_15,1,5,15
1_5_16,1,5,16
1_5_17,1,5,17
1_5_18,1,5,18
1_5_19,1,5,19
1_5_2,1,5,2
1_5_3,1,5,3
1_5_4,1,5,4
1_5_5,1,5,5
1_5_6,1,5,6
1_5_7,1,5,7
1_5_8,1,5,8
1_5_9,1,5,9
1_6_0,1,6,0
1_6_1,1,6,1
1_6_10,1,6,10
1_6_11,1,6,11
1_6_12,1,6,12
1_6_13,1,6,13
1_6_14,1,6,14
1_6_15,1,6,15
1_6_16,1,6,16
1_6_17,1,6,17
1_6_18,1,6,18
1_6_19,1,6,19
1_6_2,1,6,2
1_6_3,1,6,3
1_6_4,1,6,4
1_6_5,1,6,5
1_6_6,1,6,6
1_6_7,1,6,7
1_6_8,1,6,8
1_6_9,1,6,9
1_7_0,1,7,0
1_7_1,1,7,1
1_7_10,1,7,10
1_7_11,1,7,11
1_7_12,1,7,12
1_7_13,1,7,13
1_7_14,1,7,14
1_7_15,1,7,15
1_7_16,1,7,16
1_7_17,1,7,17
1_7_18,1,7,18
1_7_19,1,7,19
1_7_2,1,7,2
1_7_3,1,7,3
1_7_4,1,7,4
1_7_5,1,7,5
1_7_6,1,7,6
1_7_7,1,7,7
1_7_8,1,7,8
1_7_9,1,7,9
20_1_0,20,1,0
20_1_1,20,1,1
20_1_10,20,1,10
20_1_11,20,1,11
20_1_12,20,1,12
20_1_13,20,1,13
20_1_14,20,1,14
20_1_15,20,1,15
20_1_16,20,1,16
20_1_17,20,1,17
20_1_18,20,1,18
20_1_19,20,1,19
20_1_2,20,1,2
20_1_3,20,1,3
20_1_4,20,1,4
20_1_5,20,1,5
20_1_6,20,1,6
20_1_7,20,1,7
20_1_8,20,1,8
20_1_9,20,1,9
20_2_0,20,2,0
20_2_1,20,2,1
20_2_10,20,2,10
20_2_11,20,2,11
20_2_12,20,2,12
20_2_13,20,2,13
20_2_14,20,2,14
20_2_15,20,2,15
20_2_16,20,2,16
20_2_17,20,2,17
20_2_18,20,2,18
20_2_19,20,2,19
20_2_2,20,2,2
20_2_3,20,2,3
20_2_4,20,2,4
20_2_5,20,2,5
20_2_6,20,2,6
20_2_7,20,2,7
20_2_8,20,2,8
20_2_9,20,2,9
20_3_0,20,3,0
20_3_1,20,3,1
20_3_10,20,3,10
20_3_11,20,3,11
20_3_12,20,3,12
20_3_13,20,3,13
20_3_14,20,3,14
20_3_15,20,3,15
20_3_16,20,3,16
20_3_17,20,3,17
20_3_18,20,3,18
20_3_19,20,3,19
20_3_2,20,3,2
20_3_3,20,3,3
20_3_4,20,3,4
20_3_5,20,3,5
20_3_6,20,3,6
20_3_7,20,3,7
20_3_8,20,3,8
20_3_9,20,3,9
20_4_0,20,4,0
20_4_1,20,4,1
20_4_10,20,4,10
20_4_11,20,4,11
20_4_12,20,4,12
20_4_13,20,4,13
20_4_14,20,4,14
20_4_15,20,4,15
20_4_16,20,4,16
20_4_17,20,4,17
20_4_18,20,4,18
20_4_19,20,4,19
20_4_2,20,4,2
20_4_3,20,4,3
20_4_4,20,4,4
20_4_5,20,4,5
20_4_6,20,4,6
20_4_7,20,4,7
20_4_8,20,4,8
20_4_9,20,4,9
20_5_0,20,5,0
20_5_1,20,5,1
20_5_10,20,5,10
20_5_11,20,5,11
20_5_12,20,5,12
20_5_13,20,5,13
20_5_14,20,5,14
20_5_15,20,5,15
20_5_16,20,5,16
20_5_17,20,5,17
20_5_18,20,5,18
20_5_19,20,5,19
20_5_2,20,5,2
20_5_3,20,5,3
20_5_4,20,5,4
20_5_5,20,5,5
20_5_6,20,5,6
20_5_7,20,5,7
20_5_8,20,5,8
20_5_9,20,5,9
20_6_0,20,6,0
20_6_1,20,6,1
20_6_10,20,6,10
20_6_11,20,6,11
20_6_12,20,6,12
20_6_13,20,6,13
20_6_14,20,6,14
20_6_15,20,6,15
20_6_16,20,6,16
20_6_17,20,6,17
20_6_18,20,6,18
20_6_19,20,6,19
20_6_2,20,6,2
20_6_3,20,6,3
20_6_4,20,6,4
20_6_5,20,6,5
20_6_6,20,6,6
20_6_7,20,6,7
20_6_8,20,6,8
20_6_9,20,6,9
20_7_0,20,7,0
20_7_1,20,7,1
20_7_10,20,7,10
20_7_11,20,7,11
20_7_12,20,7,12
20_7_13,20,7,13
20_7_14,20,7,14
20_7_15,20,7,15
20_7_16,20,7,16
20_7_17,20,7,17
20_7_18,20,7,18
20_7_19,20,7,19
20_7_2,20,7,2
20_7_3,20,7,3
20_7_4,20,7,4
20_7_5,20,7,5
20_7_6,20,7,6
20_7_7,20,7,7
20_7_8,20,7,8
20_7_9,20,7,9
21_1_0,21,1,0
21_1_1,21,1,1
21_1_10,21,1,10
21_1_11,21,1,11
21_1_12,21,1,12
21_1_13,21,1,13
21_1_14,21,1,14
21_1_15,21,1,15
21_1_16,21,1,16
21_1_17,21,1,17
21_1_18,21,1,18
21_1_19,21,1,19
21_1_2,21,1,2
21_1_3,21,1,3
21_1_4,21,1,4
21_1_5,21,1,5
21_1_6,21,1,6
21_1_7,21,1,7
21_1_8,21,1,8
21_1_9,21,1,9
21_2_0,21,2,0
21_2_1,21,2,1
21_2_10,21,2,10
21_2_11,21,2,11
21_2_12,21,2,12
21_2_13,21,2,13
21_2_14,21,2,14
21_2_15,21,2,15
21_2_16,21,2,16
21_2_17,21,2,17
21_2_18,21,2,18
21_2_19,21,2,19
21_2_2,21,2,2
21_2_3,21,2,3
21_2_4,21,2,4
21_2_5,21,2,5
21_2_6,21,2,6
21_2_7,21,2,7
21_2_8,21,2,8
21_2_9,21,2,9
21_3_0,21,3,0
21_3_1,21,3,1
21_3_10,21,3,10
21_3_11,21,3,11
21_3_12,21,3,12
21_3_13,21,3,13
21_3_14,21,3,14
21_3_15,21,3,15
21_3_16,21,3,16
21_3_17,21,3,17
21_3_18,21,3,18
21_3_19,21,3,19
21_3_2,21,3,2
21_3_3,21,3,3
21_3_4,21,3,4
21_3_5,21,3,5
21_3_6,21,3,6
21_3_7,21,3,7
21_3_8,21,3,8
21_3_9,21,3,9
21_4_0,21,4,0
21_4_1,21,4,1
21_4_10,21,4,10
21_4_11,21,4,11
21_4_12,21,4,12
21_4_13,21,4,13
21_4_14,21,4,14
21_4_15,21,4,15
21_4_16,21,4,16
21_4_17,21,4,17
21_4_18,21,4,18
21_4_19,21,4,19
21_4_2,21,4,2
21_4_3,21,4,3
21_4_4,21,4,4
21_4_5,21,4,5
21_4_6,21,4,6
21_4_7,21,4,7
21_4_8,21,4,8
21_4_9,21,4,9
21_5_0,21,5,0
21_5_1,21,5,1
21_5_10,21,5,10
21_5_11,21,5,11
21_5_12,21,5,12
21_5_13,21,5,13
21_5_14,21,5,14
21_5_15,21,5,15
21_5_16,21,5,16
21_5_17,21,5,17
21_5_18,21,5,18
21_5_19,21,5,19
21_5_2,21,5,2
21_5_3,21,5,3
21_5_4,21,5,4
21_5_5,21,5,5
21_5_6,21,5,6
21_5_7,21,5,7
21_5_8,21,5,8
21_5_9,21,5,9
21_6_0,21,6,0
21_6_1,21,6,1
21_6_10,21,6,10
21_6_11,21,6,11
21_6_12,21,6,12
21_6_13,21,6,13
21_6_14,21,6,14
21_6_15,21,6,15
21_6_16,21,6,16
21_6_17,21,6,17
21_6_18,21,6,18
21_6_19,21,6,19
21_6_2,21,6,2
21_6_3,21,6,3
21_6_4,21,6,4
21_6_5,21,6,5
21_6_6,21,6,6
21_6_7,21,6,7
21_6_8,21,6,8
21_6_9,21,6,9
21_7_0,21,7,0
21_7_1,21,7,1
21_7_10,21,7,10
21_7_11,21,7,11
21_7_12,21,7,12
21_7_13,21,7,13
21_7_14,21,7,14
21_7_15,21,7,15
21_7_16,21,7,16
21_7_17,21,7,17
21_7_18,21,7,18
21_7_19,21,7,19
21_7_2,21,7,2
21_7_3,21,7,3
21_7_4,21,7,4
21_7_5,21,7,5
21_7_6,21,7,6
21_7_7,21,7,7
21_7_8,21,7,8
21_7_9,21,7,9
22_1_0,22,1,0
22_1_1,22,1,1
22_1_10,22,1,10
22_1_11,22,1,11
22_1_12,22,1,12
22_1_13,22,1,13
22_1_14,22,1,14
22_1_15,22,1,15
22_1_16,22,1,16
22_1_17,22,1,17
22_1_18,22,1,18
22_1_19,22,1,19
22_1_2,22,1,2
22_1_3,22,1,3
22_1_4,22,1,4
22_1_5,22,1,5
22_1_6,22,1,6
22_1_7,22,1,7
22_1_8,22,1,8
22_1_9,22,1,9
22_2_0,22,2,0
22_2_1,22,2,1
22_2_10,22,2,10
22_2_11,22,2,11
22_2_12,22,2,12
22_2_13,22,2,13
22_2_14,22,2,14
22_2_15,22,2,15
22_2_16,22,2,16
22_2_17,22,2,17
22_2_18,22,2,18
22_2_19,22,2,19
22_2_2,22,2,2
22_2_3,22,2,3
22_2_4,22,2,4
22_2_5,22,2,5
22_2_6,22,2,6
22_2_7,22,2,7
22_2_8,22,2,8
22_2_9,22,2,9
22_3_0,22,3,0
22_3_1,22,3,1
22_3_10,22,3,10
22_3_11,22,3,11
22_3_12,22,3,12
22_3_13,22,3,13
22_3_14,22,3,14
22_3_15,22,3,15
22_3_16,22,3,16
22_3_17,22,3,17
22_3_18,22,3,18
22_3_19,22,3,19
22_3_2,22,3,2
22_3_3,22,3,3
22_3_4,22,3,4
22_3_5,22,3,5
22_3_6,22,3,6
22_3_7,22,3,7
22_3_8,22,3,8
22_3_9,22,3,9
22_4_0,22,4,0
22_4_1,22,4,1
22_4_10,22,4,10
22_4_11,22,4,11
22_4_12,22,4,12
22_4_13,22,4,13
22_4_14,22,4,14
22_4_15,22,4,15
22_4_16,22,4,16
22_4_17,22,4,17
22_4_18,22,4,18
22_4_19,22,4,19
22_4_2,22,4,2
22_4_3,22,4,3
22_4_4,22,4,4
22_4_5,22,4,5
22_4_6,22,4,6
22_4_7,22,4,7
22_4_8,22,4,8
22_4_9,22,4,9
22_5_0,22,5,0
22_5_1,22,5,1
22_5_10,22,5,10
22_5_11,22,5,11
22_5_12,22,5,12
22_5_13,22,5,13
22_5_14,22,5,14
22_5_15,22,5,15
22_5_16,22,5,16
22_5_17,22,5,17
22_5_18,22,5,18
22_5_19,22,5,19
22_5_2,22,5,2
22_5_3,22,5,3
22_5_4,22,5,4
22_5_5,22,5,5
22_5_6,22,5,6
22_5_7,22,5,7
22_5_8,22,5,8
22_5_9,22,5,9
22_6_0,22,6,0
22_6_1,22,6,1
22_6_10,22,6,10
22_6_11,22,6,11
22_6_12,22,6,12
22_6_13,22,6,13
22_6_14,22,6,14
22_6_15,22,6,15
22_6_16,22,6,16
22_6_17,22,6,17
22_6_18,22,6,18
22_6_19,22,6,19
22_6_2,22,6,2
22_6_3,22,6,3
22_6_4,22,6,4
22_6_5,22,6,5
22_6_6,22,6,6
22_6_7,22,6,7
22_6_8,22,6,8
22_6_9,22,6,9
22_7_0,22,7,0
22_7_1,22,7,1
22_7_10,22,7,10
22_7_11,22,7,11
22_7_12,22,7,12
22_7_13,22,7,13
22_7_14,22,7,14
22_7_15,22,7,15
22_7_16,22,7,16
22_7_17,22,7,17
22_7_18,22,7,18
22_7_19,22,7,19
22_7_2,22,7,2
22_7_3,22,7,3
22_7_4,22,7,4
22_7_5,22,7,5
22_7_6,22,7,6
22_7_7,22,7,7
22_7_8,22,7,8
22_7_9,22,7,9
23_1_0,23,1,0
23_1_1,23,1,1
23_1_10,23,1,10
23_1_11,23,1,11
23_1_12,23,1,12
23_1_13,23,1,13
23_1_14,23,1,14
23_1_15,23,1,15
23_1_16,23,1,16
23_1_17,23,1,17
23_1_18,23,1,18
23_1_19,23,1,19
23_1_2,23,1,2
23_1_3,23,1,3
23_1_4,23,1,4
23_1_5,23,1,5
23_1_6,23,1,6
23_1_7,23,1,7
23_1_8,23,1,8
23_1_9,23,1,9
23_2_0,23,2,0
23_2_1,23,2,1
23_2_10,23,2,10
23_2_11,23,2,11
23_2_12,23,2,12
23_2_13,23,2,13
23_2_14,23,2,14
23_2_15,23,2,15
23_2_16,23,2,16
23_2_17,23,2,17
23_2_18,23,2,18
23_2_19,23,2,19
23_2_2,23,2,2
23_2_3,23,2,3
23_2_4,23,2,4
23_2_5,23,2,5
23_2_6,23,2,6
23_2_7,23,2,7
23_2_8,23,2,8
23_2_9,23,2,9
23_3_0,23,3,0
23_3_1,23,3,1
23_3_10,23,3,10
23_3_11,23,3,11
23_3_12,23,3,12
23_3_13,23,3,13
23_3_14,23,3,14
23_3_15,23,3,15
23_3_16,23,3,16
23_3_17,23,3,17
23_3_18,23,3,18
23_3_19,23,3,19
23_3_2,23,3,2
23_3_3,23,3,3
23_3_4,23,3,4
23_3_5,23,3,5
23_3_6,23,3,6
23_3_7,23,3,7
23_3_8,23,3,8
23_3_9,23,3,9
23_4_0,23,4,0
23_4_1,23,4,1
23_4_10,23,4,10
23_4_11,23,4,11
23_4_12,23,4,12
23_4_13,23,4,13
23_4_14,23,4,14
23_4_15,23,4,15
23_4_16,23,4,16
23_4_17,23,4,17
23_4_18,23,4,18
23_4_19,23,4,19
23_4_2,23,4,2
23_4_3,23,4,3
23_4_4,23,4,4
23_4_5,23,4,5
23_4_6,23,4,6
23_4_7,23,4,7
23_4_8,23,4,8
23_4_9,23,4,9
23_5_0,23,5,0
23_5_1,23,5,1
23_5_10,23,5,10
23_5_11,23,5,11
23_5_12,23,5,12
23_5_13,23,5,13
23_5_14,23,5,14
23_5_15,23,5,15
23_5_16,23,5,16
23_5_17,23,5,17
23_5_18,23,5,18
23_5_19,23,5,19
23_5_2,23,5,2
23_5_3,23,5,3
23_5_4,23,5,4
23_5_5,23,5,5
23_5_6,23,5,6
23_5_7,23,5,7
23_5_8,23,5,8
23_5_9,23,5,9
23_6_0,23,6,0
23_6_1,23,6,1
23_6_10,23,6,10
23_6_11,23,6,11
23_6_12,23,6,12
23_6_13,23,6,13
23_6_14,23,6,14
23_6_15,23,6,15
23_6_16,23,6,16
23_6_17,23,6,17
23_6_18,23,6,18
23_6_19,23,6,19
23_6_2,23,6,2
23_6_3,23,6,3
23_6_4,23,6,4
23_6_5,23,6,5
23_6_6,23,6,6
23_6_7,23,6,7
23_6_8,23,6,8
23_6_9,23,6,9
23_7_0,23,7,0
23_7_1,23,7,1
23_7_10,23,7,10
23_7_11,23,7,11
23_7_12,23,7,12
23_7_13,23,7,13
23_7_14,23,7,14
23_7_15,23,7,15
23_7_16,23,7,16
23_7_17,23,7,17
23_7_18,23,7,18
23_7_19,23,7,19
23_7_2,23,7,2
23_7_3,23,7,3
23_7_4,23,7,4
23_7_5,23,7,5
23_7_6,23,7,6
23_7_7,23,7,7
23_7_8,23,7,8
23_7_9,23,7,9
24_1_0,24,1,0
24_1_1,24,1,1
24_1_10,24,1,10
24_1_11,24,1,11
24_1_12,24,1,12
24_1_13,24,1,13
24_1_14,24,1,14
24_1_15,24,1,15
24_1_16,24,1,16
24_1_17,24,1,17
24_1_18,24,1,18
24_1_19,24,1,19
24_1_2,24,1,2
24_1_3,24,1,3
24_1_4,24,1,4
24_1_5,24,1,5
24_1_6,24,1,6
24_1_7,24,1,7
24_1_8,24,1,8
24_1_9,24,1,9
24_2_0,24,2,0
24_2_1,24,2,1
24_2_10,24,2,10
24_2_11,24,2,11
24_2_12,24,2,12
24_2_13,24,2,13
24_2_14,24,2,14
24_2_15,24,2,15
24_2_16,24,2,16
24_2_17,24,2,17
24_2_18,24,2,18
24_2_19,24,2,19
24_2_2,24,2,2
24_2_3,24,2,3
24_2_4,24,2,4
24_2_5,24,2,5
24_2_6,24,2,6
24_2_7,24,2,7
24_2_8,24,2,8
24_2_9,24,2,9
24_3_0,24,3,0
24_3_1,24,3,1
24_3_10,24,3,10
24_3_11,24,3,11
24_3_12,24,3,12
24_3_13,24,3,13
24_3_14,24,3,14
24_3_15,24,3,15
24_3_16,24,3,16
24_3_17,24,3,17
24_3_18,24,3,18
24_3_19,24,3,19
24_3_2,24,3,2
24_3_3,24,3,3
24_3_4,24,3,4
24_3_5,24,3,5
24_3_6,24,3,6
24_3_7,24,3,7
24_3_8,24,3,8
24_3_9,24,3,9
24_4_0,24,4,0
24_4_1,24,4,1
24_4_10,24,4,10
24_4_11,24,4,11
24_4_12,24,4,12
24_4_13,24,4,13
24_4_14,24,4,14
24_4_15,24,4,15
24_4_16,24,4,16
24_4_17,24,4,17
24_4_18,24,4,18
24_4_19,24,4,19
24_4_2,24,4,2
24_4_3,24,4,3
24_4_4,24,4,4
24_4_5,24,4,5
24_4_6,24,4,6
24_4_7,24,4,7
24_4_8,24,4,8
24_4_9,24,4,9
24_5_0,24,5,0
24_5_1,24,5,1
24_5_10,24,5,10
24_5_11,24,5,11
24_5_12,24,5,12
24_5_13,24,5,13
24_5_14,24,5,14
24_5_15,24,5,15
24_5_16,24,5,16
24_5_17,24,5,17
24_5_18,24,5,18
24_5_19,24,5,19
24_5_2,24,5,2
24_5_3,24,5,3
24_5_4,24,5,4
24_5_5,24,5,5
24_5_6,24,5,6
24_5_7,24,5,7
24_5_8,24,5,8
24_5_9,24,5,9
24_6_0,24,6,0
24_6_1,24,6,1
24_6_10,24,6,10
24_6_11,24,6,11
24_6_12,24,6,12
24_6_13,24,6,13
24_6_14,24,6,14
24_6_15,24,6,15
24_6_16,24,6,16
24_6_17,24,6,17
24_6_18,24,6,18
24_6_19,24,6,19
24_6_2,24,6,2
24_6_3,24,6,3
24_6_4,24,6,4
24_6_5,24,6,5
24_6_6,24,6,6
24_6_7,24,6,7
24_6_8,24,6,8
24_6_9,24,6,9
24_7_0,24,7,0
24_7_1,24,7,1
24_7_10,24,7,10
24_7_11,24,7,11
24_7_12,24,7,12
24_7_13,24,7,13
24_7_14,24,7,14
24_7_15,24,7,15
24_7_16,24,7,16
24_7_17,24,7,17
24_7_18,24,7,18
24_7_19,24,7,19
24_7_2,24,7,2
24_7_3,24,7,3
24_7_4,24,7,4
24_7_5,24,7,5
24_7_6,24,7,6
24_7_7,24,7,7
24_7_8,24,7,8
24_7_9,24,7,9
2_1_0,2,1,0
2_1_1,2,1,1
2_1_10,2,1,10
2_1_11,2,1,11
2_1_12,2,1,12
2_1_13,2,1,13
2_1_14,2,1,14
2_1_15,2,1,15
2_1_16,2,1,16
2_1_17,2,1,17
2_1_18,2,1,18
2_1_19,2,1,19
2_1_2,2,1,2
2_1_3,2,1,3
2_1_4,2,1,4
2_1_5,2,1,5
2_1_6,2,1,6
2_1_7,2,1,7
2_1_8,2,1,8
2_1_9,2,1,9
2_2_0,2,2,0
2_2_1,2,2,1
2_2_10,2,2,10
2_2_11,2,2,11
2_2_12,2,2,12
2_2_13,2,2,13
2_2_14,2,2,14
2_2_15,2,2,15
2_2_16,2,2,16
2_2_17,2,2,17
2_2_18,2,2,18
2_2_19,2,2,19
2_2_2,2,2,2
2_2_3,2,2,3
2_2_4,2,2,4
2_2_5,2,2,5
2_2_6,2,2,6
2_2_7,2,2,7
2_2_8,2,2,8
2_2_9,2,2,9
2_3_0,2,3,0
2_3_1,2,3,1
2_3_10,2,3,10
2_3_11,2,3,11
2_3_12,2,3,12
2_3_13,2,3,13
2_3_14,2,3,14
2_3_15,2,3,15
2_3_16,2,3,16
2_3_17,2,3,17
2_3_18,2,3,18
2_3_19,2,3,19
2_3_2,2,3,2
2_3_3,2,3,3
2_3_4,2,3,4
2_3_5,2,3,5
2_3_6,2,3,6
2_3_7,2,3,7
2_3_8,2,3,8
2_3_9,2,3,9
2_4_0,2,4,0
2_4_1,2,4,1
2_4_10,2,4,10
2_4_11,2,4,11
2_4_12,2,4,12
2_4_13,2,4,13
2_4_14,2,4,14
2_4_15,2,4,15
2_4_16,2,4,16
2_4_17,2,4,17
2_4_18,2,4,18
2_4_19,2,4,19
2_4_2,2,4,2
2_4_3,2,4,3
2_4_4,2,4,4
2_4_5,2,4,5
2_4_6,2,4,6
2_4_7,2,4,7
2_4_8,2,4,8
2_4_9,2,4,9
2_5_0,2,5,0
2_5_1,2,5,1
2_5_10,2,5,10
2_5_11,2,5,11
2_5_12,2,5,12
2_5_13,2,5,13
2_5_14,2,5,14
2_5_15,2,5,15
2_5_16,2,5,16
2_5_17,2,5,17
2_5_18,2,5,18
2_5_19,2,5,19
2_5_2,2,5,2
2_5_3,2,5,3
2_5_4,2,5,4
2_5_5,2,5,5
2_5_6,2,5,6
2_5_7,2,5,7
2_5_8,2,5,8
2_5_9,2,5,9
2_6_0,2,6,0
2_6_1,2,6,1
2_6_10,2,6,10
2_6_11,2,6,11
2_6_12,2,6,12
2_6_13,2,6,13
2_6_14,2,6,14
2_6_15,2,6,15
2_6_16,2,6,16
2_6_17,2,6,17
2_6_18,2,6,18
2_6_19,2,6,19
2_6_2,2,6,2
2_6_3,2,6,3
2_6_4,2,6,4
2_6_5,2,6,5
2_6_6,2,6,6
2_6_7,2,6,7
2_6_8,2,6,8
2_6_9,2,6,9
2_7_0,2,7,0
2_7_1,2,7,1
2_7_10,2,7,10
2_7_11,2,7,11
2_7_12,2,7,12
2_7_13,2,7,13
2_7_14,2,7,14
2_7_15,2,7,15
2_7_16,2,7,16
2_7_17,2,7,17
2_7_18,2,7,18
2_7_19,2,7,19
2_7_2,2,7,2
2_7_3,2,7,3
2_7_4,2,7,4
2_7_5,2,7,5
2_7_6,2,7,6
2_7_7,2,7,7
2_7_8,2,7,8
2_7_9,2,7,9
3_1_0,3,1,0
3_1_1,3,1,1
3_1_10,3,1,10
3_1_11,3,1,11
3_1_12,3,1,12
3_1_13,3,1,13
3_1_14,3,1,14
3_1_15,3,1,15
3_1_16,3,1,16
3_1_17,3,1,17
3_1_18,3,1,18
3_1_19,3,1,19
3_1_2,3,1,2
3_1_3,3,1,3
3_1_4,3,1,4
3_1_5,3,1,5
3_1_6,3,1,6
3_1_7,3,1,7
3_1_8,3,1,8
3_1_9,3,1,9
3_2_0,3,2,0
3_2_1,3,2,1
3_2_10,3,2,10
3_2_11,3,2,11
3_2_12,3,2,12
3_2_13,3,2,13
3_2_14,3,2,14
3_2_15,3,2,15
3_2_16,3,2,16
3_2_17,3,2,17
3_2_18,3,2,18
3_2_19,3,2,19
3_2_2,3,2,2
3_2_3,3,2,3
3_2_4,3,2,4
3_2_5,3,2,5
3_2_6,3,2,6
3_2_7,3,2,7
3_2_8,3,2,8
3_2_9,3,2,9
3_3_0,3,3,0
3_3_1,3,3,1
3_3_10,3,3,10
3_3_11,3,3,11
3_3_12,3,3,12
3_3_13,3,3,13
3_3_14,3,3,14
3_3_15,3,3,15
3_3_16,3,3,16
3_3_17,3,3,17
3_3_18,3,3,18
3_3_19,3,3,19
3_3_2,3,3,2
3_3_3,3,3,3
3_3_4,3,3,4
3_3_5,3,3,5
3_3_6,3,3,6
3_3_7,3,3,7
3_3_8,3,3,8
3_3_9,3,3,9
3_4_0,3,4,0
3_4_1,3,4,1
3_4_10,3,4,10
3_4_11,3,4,11
3_4_12,3,4,12
3_4_13,3,4,13
3_4_14,3,4,14
3_4_15,3,4,15
3_4_16,3,4,16
3_4_17,3,4,17
3_4_18,3,4,18
3_4_19,3,4,19
3_4_2,3,4,2
3_4_3,3,4,3
3_4_4,3,4,4
3_4_5,3,4,5
3_4_6,3,4,6
3_4_7,3,4,7
3_4_8,3,4,8
3_4_9,3,4,9
3_5_0,3,5,0
3_5_1,3,5,1
3_5_10,3,5,10
3_5_11,3,5,11
3_5_12,3,5,12
3_5_13,3,5,13
3_5_14,3,5,14
3_5_15,3,5,15
3_5_16,3,5,16
3_5_17,3,5,17
3_5_18,3,5,18
3_5_19,3,5,19
3_5_2,3,5,2
3_5_3,3,5,3
3_5_4,3,5,4
3_5_5,3,5,5
3_5_6,3,5,6
3_5_7,3,5,7
3_5_8,3,5,8
3_5_9,3,5,9
3_6_0,3,6,0
3_6_1,3,6,1
3_6_10,3,6,10
3_6_11,3,6,11
3_6_12,3,6,12
3_6_13,3,6,13
3_6_14,3,6,14
3_6_15,3,6,15
3_6_16,3,6,16
3_6_17,3,6,17
3_6_18,3,6,18
3_6_19,3,6,19
3_6_2,3,6,2
3_6_3,3,6,3
3_6_4,3,6,4
3_6_5,3,6,5
3_6_6,3,6,6
3_6_7,3,6,7
3_6_8,3,6,8
3_6_9,3,6,9
3_7_0,3,7,0
3_7_1,3,7,1
3_7_10,3,7,10
3_7_11,3,7,11
3_7_12,3,7,12
3_7_13,3,7,13
3_7_14,3,7,14
3_7_15,3,7,15
3_7_16,3,7,16
3_7_17,3,7,17
3_7_18,3,7,18
3_7_19,3,7,19
3_7_2,3,7,2
3_7_3,3,7,3
3_7_4,3,7,4
3_7_5,3,7,5
3_7_6,3,7,6
3_7_7,3,7,7
3_7_8,3,7,8
3_7_9,3,7,9
4_1_0,4,1,0
4_1_1,4,1,1
4_1_10,4,1,10
4_1_11,4,1,11
4_1_12,4,1,12
4_1_13,4,1,13
4_1_14,4,1,14
4_1_15,4,1,15
4_1_16,4,1,16
4_1_17,4,1,17
4_1_18,4,1,18
4_1_19,4,1,19
4_1_2,4,1,2
4_1_3,4,1,3
4_1_4,4,1,4
4_1_5,4,1,5
4_1_6,4,1,6
4_1_7,4,1,7
4_1_8,4,1,8
4_1_9,4,1,9
4_2_0,4,2,0
4_2_1,4,2,1
4_2_10,4,2,10
4_2_11,4,2,11
4_2_12,4,2,12
4_2_13,4,2,13
4_2_14,4,2,14
4_2_15,4,2,15
4_2_16,4,2,16
4_2_17,4,2,17
4_2_18,4,2,18
4_2_19,4,2,19
4_2_2,4,2,2
4_2_3,4,2,3
4_2_4,4,2,4
4_2_5,4,2,5
4_2_6,4,2,6
4_2_7,4,2,7
4_2_8,4,2,8
4_2_9,4,2,9
4_3_0,4,3,0
4_3_1,4,3,1
4_3_10,4,3,10
4_3_11,4,3,11
4_3_12,4,3,12
4_3_13,4,3,13
4_3_14,4,3,14
4_3_15,4,3,15
4_3_16,4,3,16
4_3_17,4,3,17
4_3_18,4,3,18
4_3_19,4,3,19
4_3_2,4,3,2
4_3_3,4,3,3
4_3_4,4,3,4
4_3_5,4,3,5
4_3_6,4,3,6
4_3_7,4,3,7
4_3_8,4,3,8
4_3_9,4,3,9
4_4_0,4,4,0
4_4_1,4,4,1
4_4_10,4,4,10
4_4_11,4,4,11
4_4_12,4,4,12
4_4_13,4,4,13
4_4_14,4,4,14
4_4_15,4,4,15
4_4_16,4,4,16
4_4_17,4,4,17
4_4_18,4,4,18
4_4_19,4,4,19
4_4_2,4,4,2
4_4_3,4,4,3
4_4_4,4,4,4
4_4_5,4,4,5
4_4_6,4,4,6
4_4_7,4,4,7
4_4_8,4,4,8
4_4_9,4,4,9
4_5_0,4,5,0
4_5_1,4,5,1
4_5_10,4,5,10
4_5_11,4,5,11
4_5_12,4,5,12
4_5_13,4,5,13
4_5_14,4,5,14
4_5_15,4,5,15
4_5_16,4,5,16
4_5_17,4,5,17
4_5_18,4,5,18
4_5_19,4,5,19
4_5_2,4,5,2
4_5_3,4,5,3
4_5_4,4,5,4
4_5_5,4,5,5
4_5_6,4,5,6
4_5_7,4,5,7
4_5_8,4,5,8
4_5_9,4,5,9
4_6_0,4,6,0
4_6_1,4,6,1
4_6_10,4,6,10
4_6_11,4,6,11
4_6_12,4,6,12
4_6_13,4,6,13
4_6_14,4,6,14
4_6_15,4,6,15
4_6_16,4,6,16
4_6_17,4,6,17
4_6_18,4,6,18
4_6_19,4,6,19
4_6_2,4,6,2
4_6_3,4,6,3
4_6_4,4,6,4
4_6_5,4,6,5
4_6_6,4,6,6
4_6_7,4,6,7
4_6_8,4,6,8
4_6_9,4,6,9
4_7_0,4,7,0
4_7_1,4,7,1
4_7_10,4,7,10
4_7_11,4,7,11
4_7_12,4,7,12
4_7_13,4,7,13
4_7_14,4,7,14
4_7_15,4,7,15
4_7_16,4,7,16
4_7_17,4,7,17
4_7_18,4,7,18
4_7_19,4,7,19
4_7_2,4,7,2
4_7_3,4,7,3
4_7_4,4,7,4
4_7_5,4,7,5
4_7_6,4,7,6
4_7_7,4,7,7
4_7_8,4,7,8
4_7_9,4,7,9
5_1_0,5,1,0
5_1_1,5,1,1
5_1_10,5,1,10
5_1_11,5,1,11
5_1_12,5,1,12
5_1_13,5,1,13
5_1_14,5,1,14
5_1_15,5,1,15
5_1_16,5,1,16
5_1_17,5,1,17
5_1_18,5,1,18
5_1_19,5,1,19
5_1_2,5,1,2
5_1_3,5,1,3
5_1_4,5,1,4
5_1_5,5,1,5
5_1_6,5,1,6
5_1_7,5,1,7
5_1_8,5,1,8
5_1_9,5,1,9
5_2_0,5,2,0
5_2_1,5,2,1
5_2_10,5,2,10
5_2_11,5,2,11
5_2_12,5,2,12
5_2_13,5,2,13
5_2_14,5,2,14
5_2_15,5,2,15
5_2_16,5,2,16
5_2_17,5,2,17
5_2_18,5,2,18
5_2_19,5,2,19
5_2_2,5,2,2
5_2_3,5,2,3
5_2_4,5,2,4
5_2_5,5,2,5
5_2_6,5,2,6
5_2_7,5,2,7
5_2_8,5,2,8
5_2_9,5,2,9
5_3_0,5,3,0
5_3_1,5,3,1
5_3_10,5,3,10
5_3_11,5,3,11
5_3_12,5,3,12
5_3_13,5,3,13
5_3_14,5,3,14
5_3_15,5,3,15
5_3_16,5,3,16
5_3_17,5,3,17
5_3_18,5,3,18
5_3_19,5,3,19
5_3_2,5,3,2
5_3_3,5,3,3
5_3_4,5,3,4
5_3_5,5,3,5
5_3_6,5,3,6
5_3_7,5,3,7
5_3_8,5,3,8
5_3_9,5,3,9
5_4_0,5,4,0
5_4_1,5,4,1
5_4_10,5,4,10
5_4_11,5,4,11
5_4_12,5,4,12
5_4_13,5,4,13
5_4_14,5,4,14
5_4_15,5,4,15
5_4_16,5,4,16
5_4_17,5,4,17
5_4_18,5,4,18
5_4_19,5,4,19
5_4_2,5,4,2
5_4_3,5,4,3
5_4_4,5,4,4
5_4_5,5,4,5
5_4_6,5,4,6
5_4_7,5,4,7
5_4_8,5,4,8
5_4_9,5,4,9
5_5_0,5,5,0
5_5_1,5,5,1
5_5_10,5,5,10
5_5_11,5,5,11
5_5_12,5,5,12
5_5_13,5,5,13
5_5_14,5,5,14
5_5_15,5,5,15
5_5_16,5,5,16
5_5_17,5,5,17
5_5_18,5,5,18
5_5_19,5,5,19
5_5_2,5,5,2
5_5_3,5,5,3
5_5_4,5,5,4
5_5_5,5,5,5
5_5_6,5,5,6
5_5_7,5,5,7
5_5_8,5,5,8
5_5_9,5,5,9
5_6_0,5,6,0
5_6_1,5,6,1
5_6_10,5,6,10
5_6_11,5,6,11
5_6_12,5,6,12
5_6_13,5,6,13
5_6_14,5,6,14
5_6_15,5,6,15
5_6_16,5,6,16
5_6_17,5,6,17
5_6_18,5,6,18
5_6_19,5,6,19
5_6_2,5,6,2
5_6_3,5,6,3
5_6_4,5,6,4
5_6_5,5,6,5
5_6_6,5,6,6
5_6_7,5,6,7
5_6_8,5,6,8
5_6_9,5,6,9
5_7_0,5,7,0
5_7_1,5,7,1
5_7_10,5,7,10
5_7_11,5,7,11
5_7_12,5,7,12
5_7_13,5,7,13
5_7_14,5,7,14
5_7_15,5,7,15
5_7_16,5,7,16
5_7_17,5,7,17
5_7_18,5,7,18
5_7_19,5,7,19
5_7_2,5,7,2
5_7_3,5,7,3
5_7_4,5,7,4
5_7_5,5,7,5
5_7_6,5,7,6
5_7_7,5,7,7
5_7_8,5,7,8
5_7_9,5,7,9
6_1_0,6,1,0
6_1_1,6,1,1
6_1_10,6,1,10
6_1_11,6,1,11
6_1_12,6,1,12
6_1_13,6,1,13
6_1_14,6,1,14
6_1_15,6,1,15
6_1_16,6,1,16
6_1_17,6,1,17
6_1_18,6,1,18
6_1_19,6,1,19
6_1_2,6,1,2
6_1_3,6,1,3
6_1_4,6,1,4
6_1_5,6,1,5
6_1_6,6,1,6
6_1_7,6,1,7
6_1_8,6,1,8
6_1_9,6,1,9
6_2_0,6,2,0
6_2_1,6,2,1
6_2_10,6,2,10
6_2_11,6,2,11
6_2_12,6,2,12
6_2_13,6,2,13
6_2_14,6,2,14
6_2_15,6,2,15
6_2_16,6,2,16
6_2_17,6,2,17
6_2_18,6,2,18
6_2_19,6,2,19
6_2_2,6,2,2
6_2_3,6,2,3
6_2_4,6,2,4
6_2_5,6,2,5
6_2_6,6,2,6
6_2_7,6,2,7
6_2_8,6,2,8
6_2_9,6,2,9
6_3_0,6,3,0
6_3_1,6,3,1
6_3_10,6,3,10
6_3_11,6,3,11
6_3_12,6,3,12
6_3_13,6,3,13
6_3_14,6,3,14
6_3_15,6,3,15
6_3_16,6,3,16
6_3_17,6,3,17
6_3_18,6,3,18
6_3_19,6,3,19
6_3_2,6,3,2
6_3_3,6,3,3
6_3_4,6,3,4
6_3_5,6,3,5
6_3_6,6,3,6
6_3_7,6,3,7
6_3_8,6,3,8
6_3_9,6,3,9
6_4_0,6,4,0
6_4_1,6,4,1
6_4_10,6,4,10
6_4_11,6,4,11
6_4_12,6,4,12
6_4_13,6,4,13
6_4_14,6,4,14
6_4_15,6,4,15
6_4_16,6,4,16
6_4_17,6,4,17
6_4_18,6,4,18
6_4_19,6,4,19
6_4_2,6,4,2
6_4_3,6,4,3
6_4_4,6,4,4
6_4_5,6,4,5
6_4_6,6,4,6
6_4_7,6,4,7
6_4_8,6,4,8
6_4_9,6,4,9
6_5_0,6,5,0
6_5_1,6,5,1
6_5_10,6,5,10
6_5_11,6,5,11
6_5_12,6,5,12
6_5_13,6,5,13
6_5_14,6,5,14
6_5_15,6,5,15
6_5_16,6,5,16
6_5_17,6,5,17
6_5_18,6,5,18
6_5_19,6,5,19
6_5_2,6,5,2
6_5_3,6,5,3
6_5_4,6,5,4
6_5_5,6,5,5
6_5_6,6,5,6
6_5_7,6,5,7
6_5_8,6,5,8
6_5_9,6,5,9
6_6_0,6,6,0
6_6_1,6,6,1
6_6_10,6,6,10
6_6_11,6,6,11
6_6_12,6,6,12
6_6_13,6,6,13
6_6_14,6,6,14
6_6_15,6,6,15
6_6_16,6,6,16
6_6_17,6,6,17
6_6_18,6,6,18
6_6_19,6,6,19
6_6_2,6,6,2
6_6_3,6,6,3
6_6_4,6,6,4
6_6_5,6,6,5
6_6_6,6,6,6
6_6_7,6,6,7
6_6_8,6,6,8
6_6_9,6,6,9
6_7_0,6,7,0
6_7_1,6,7,1
6_7_10,6,7,10
6_7_11,6,7,11
6_7_12,6,7,12
6_7_13,6,7,13
6_7_14,6,7,14
6_7_15,6,7,15
6_7_16,6,7,16
6_7_17,6,7,17
6_7_18,6,7,18
6_7_19,6,7,19
6_7_2,6,7,2
6_7_3,6,7,3
6_7_4,6,7,4
6_7_5,6,7,5
6_7_6,6,7,6
6_7_7,6,7,7
6_7_8,6,7,8
6_7_9,6,7,9
7_1_0,7,1,0
7_1_1,7,1,1
7_1_10,7,1,10
7_1_11,7,1,11
7_1_12,7,1,12
7_1_13,7,1,13
7_1_14,7,1,14
7_1_15,7,1,15
7_1_16,7,1,16
7_1_17,7,1,17
7_1_18,7,1,18
7_1_19,7,1,19
7_1_2,7,1,2
7_1_3,7,1,3
7_1_4,7,1,4
7_1_5,7,1,5
7_1_6,7,1,6
7_1_7,7,1,7
7_1_8,7,1,8
7_1_9,7,1,9
7_2_0,7,2,0
7_2_1,7,2,1
7_2_10,7,2,10
7_2_11,7,2,11
7_2_12,7,2,12
7_2_13,7,2,13
7_2_14,7,2,14
7_2_15,7,2,15
7_2_16,7,2,16
7_2_17,7,2,17
7_2_18,7,2,18
7_2_19,7,2,19
7_2_2,7,2,2
7_2_3,7,2,3
7_2_4,7,2,4
7_2_5,7,2,5
7_2_6,7,2,6
7_2_7,7,2,7
7_2_8,7,2,8
7_2_9,7,2,9
7_3_0,7,3,0
7_3_1,7,3,1
7_3_10,7,3,10
7_3_11,7,3,11
7_3_12,7,3,12
7_3_13,7,3,13
7_3_14,7,3,14
7_3_15,7,3,15
7_3_16,7,3,16
7_3_17,7,3,17
7_3_18,7,3,18
7_3_19,7,3,19
7_3_2,7,3,2
7_3_3,7,3,3
7_3_4,7,3,4
7_3_5,7,3,5
7_3_6,7,3,6
7_3_7,7,3,7
7_3_8,7,3,8
7_3_9,7,3,9
7_4_0,7,4,0
7_4_1,7,4,1
7_4_10,7,4,10
7_4_11,7,4,11
7_4_12,7,4,12
7_4_13,7,4,13
7_4_14,7,4,14
7_4_15,7,4,15
7_4_16,7,4,16
7_4_17,7,4,17
7_4_18,7,4,18
7_4_19,7,4,19
7_4_2,7,4,2
7_4_3,7,4,3
7_4_4,7,4,4
7_4_5,7,4,5
7_4_6,7,4,6
7_4_7,7,4,7
7_4_8,7,4,8
7_4_9,7,4,9
7_5_0,7,5,0
7_5_1,7,5,1
7_5_10,7,5,10
7_5_11,7,5,11
7_5_12,7,5,12
7_5_13,7,5,13
7_5_14,7,5,14
7_5_15,7,5,15
7_5_16,7,5,16
7_5_17,7,5,17
7_5_18,7,5,18
7_5_19,7,5,19
7_5_2,7,5,2
7_5_3,7,5,3
7_5_4,7,5,4
7_5_5,7,5,5
7_5_6,7,5,6
7_5_7,7,5,7
7_5_8,7,5,8
7_5_9,7,5,9
7_6_0,7,6,0
7_6_1,7,6,1
7_6_10,7,6,10
7_6_11,7,6,11
7_6_12,7,6,12
7_6_13,7,6,13
7_6_14,7,6,14
7_6_15,7,6,15
7_6_16,7,6,16
7_6_17,7,6,17
7_6_18,7,6,18
7_6_19,7,6,19
7_6_2,7,6,2
7_6_3,7,6,3
7_6_4,7,6,4
7_6_5,7,6,5
7_6_6,7,6,6
7_6_7,7,6,7
7_6_8,7,6,8
7_6_9,7,6,9
7_7_0,7,7,0
7_7_1,7,7,1
7_7_10,7,7,10
7_7_11,7,7,11
7_7_12,7,7,12
7_7_13,7,7,13
7_7_14,7,7,14
7_7_15,7,7,15
7_7_16,7,7,16
7_7_17,7,7,17
7_7_18,7,7,18
7_7_19,7,7,19
7_7_2,7,7,2
7_7_3,7,7,3
7_7_4,7,7,4
7_7_5,7,7,5
7_7_6,7,7,6
7_7_7,7,7,7
7_7_8,7,7,8
7_7_9,7,7,9
8_1_0,8,1,0
8_1_1,8,1,1
8_1_10,8,1,10
8_1_11,8,1,11
8_1_12,8,1,12
8_1_13,8,1,13
8_1_14,8,1,14
8_1_15,8,1,15
8_1_16,8,1,16
8_1_17,8,1,17
8_1_18,8,1,18
8_1_19,8,1,19
8_1_2,8,1,2
8_1_3,8,1,3
8_1_4,8,1,4
8_1_5,8,1,5
8_1_6,8,1,6
8_1_7,8,1,7
8_1_8,8,1,8
8_1_9,8,1,9
8_2_0,8,2,0
8_2_1,8,2,1
8_2_10,8,2,10
8_2_11,8,2,11
8_2_12,8,2,12
8_2_13,8,2,13
8_2_14,8,2,14
8_2_15,8,2,15
8_2_16,8,2,16
8_2_17,8,2,17
8_2_18,8,2,18
8_2_19,8,2,19
8_2_2,8,2,2
8_2_3,8,2,3
8_2_4,8,2,4
8_2_5,8,2,5
8_2_6,8,2,6
8_2_7,8,2,7
8_2_8,8,2,8
8_2_9,8,2,9
8_3_0,8,3,0
8_3_1,8,3,1
8_3_10,8,3,10
8_3_11,8,3,11
8_3_12,8,3,12
8_3_13,8,3,13
8_3_14,8,3,14
8_3_15,8,3,15
8_3_16,8,3,16
8_3_17,8,3,17
8_3_18,8,3,18
8_3_19,8,3,19
8_3_2,8,3,2
8_3_3,8,3,3
8_3_4,8,3,4
8_3_5,8,3,5
8_3_6,8,3,6
8_3_7,8,3,7
8_3_8,8,3,8
8_3_9,8,3,9
8_4_0,8,4,0
8_4_1,8,4,1
8_4_10,8,4,10
8_4_11,8,4,11
8_4_12,8,4,12
8_4_13,8,4,13
8_4_14,8,4,14
8_4_15,8,4,15
8_4_16,8,4,16
8_4_17,8,4,17
8_4_18,8,4,18
8_4_19,8,4,19
8_4_2,8,4,2
8_4_3,8,4,3
8_4_4,8,4,4
8_4_5,8,4,5
8_4_6,8,4,6
8_4_7,8,4,7
8_4_8,8,4,8
8_4_9,8,4,9
8_5_0,8,5,0
8_5_1,8,5,1
8_5_10,8,5,10
8_5_11,8,5,11
8_5_12,8,5,12
8_5_13,8,5,13
8_5_14,8,5,14
8_5_15,8,5,15
8_5_16,8,5,16
8_5_17,8,5,17
8_5_18,8,5,18
8_5_19,8,5,19
8_5_2,8,5,2
8_5_3,8,5,3
8_5_4,8,5,4
8_5_5,8,5,5
8_5_6,8,5,6
8_5_7,8,5,7
8_5_8,8,5,8
8_5_9,8,5,9
8_6_0,8,6,0
8_6_1,8,6,1
8_6_10,8,6,10
8_6_11,8,6,11
8_6_12,8,6,12
8_6_13,8,6,13
8_6_14,8,6,14
8_6_15,8,6,15
8_6_16,8,6,16
8_6_17,8,6,17
8_6_18,8,6,18
8_6_19,8,6,19
8_6_2,8,6,2
8_6_3,8,6,3
8_6_4,8,6,4
8_6_5,8,6,5
8_6_6,8,6,6
8_6_7,8,6,7
8_6_8,8,6,8
8_6_9,8,6,9
8_7_0,8,7,0
8_7_1,8,7,1
8_7_10,8,7,10
8_7_11,8,7,11
8_7_12,8,7,12
8_7_13,8,7,13
8_7_14,8,7,14
8_7_15,8,7,15
8_7_16,8,7,16
8_7_17,8,7,17
8_7_18,8,7,18
8_7_19,8,7,19
8_7_2,8,7,2
8_7_3,8,7,3
8_7_4,8,7,4
8_7_5,8,7,5
8_7_6,8,7,6
8_7_7,8,7,7
8_7_8,8,7,8
8_7_9,8,7,9
9_1_0,9,1,0
9_1_1,9,1,1
9_1_10,9,1,10
9_1_11,9,1,11
9_1_12,9,1,12
9_1_13,9,1,13
9_1_14,9,1,14
9_1_15,9,1,15
9_1_16,9,1,16
9_1_17,9,1,17
9_1_18,9,1,18
9_1_19,9,1,19
9_1_2,9,1,2
9_1_3,9,1,3
9_1_4,9,1,4
9_1_5,9,1,5
9_1_6,9,1,6
9_1_7,9,1,7
9_1_8,9,1,8
9_1_9,9,1,9
9_2_0,9,2,0
9_2_1,9,2,1
9_2_10,9,2,10
9_2_11,9,2,11
9_2_12,9,2,12
9_2_13,9,2,13
9_2_14,9,2,14
9_2_15,9,2,15
9_2_16,9,2,16
9_2_17,9,2,17
9_2_18,9,2,18
9_2_19,9,2,19
9_2_2,9,2,2
9_2_3,9,2,3
9_2_4,9,2,4
9_2_5,9,2,5
9_2_6,9,2,6
9_2_7,9,2,7
9_2_8,9,2,8
9_2_9,9,2,9
9_3_0,9,3,0
9_3_1,9,3,1
9_3_10,9,3,10
9_3_11,9,3,11
9_3_12,9,3,12
9_3_13,9,3,13
9_3_14,9,3,14
9_3_15,9,3,15
9_3_16,9,3,16
9_3_17,9,3,17
9_3_18,9,3,18
9_3_19,9,3,19
9_3_2,9,3,2
9_3_3,9,3,3
9_3_4,9,3,4
9_3_5,9,3,5
9_3_6,9,3,6
9_3_7,9,3,7
9_3_8,9,3,8
9_3_9,9,3,9
9_4_0,9,4,0
9_4_1,9,4,1
9_4_10,9,4,10
9_4_11,9,4,11
9_4_12,9,4,12
9_4_13,9,4,13
9_4_14,9,4,14
9_4_15,9,4,15
9_4_16,9,4,16
9_4_17,9,4,17
9_4_18,9,4,18
9_4_19,9,4,19
9_4_2,9,4,2
9_4_3,9,4,3
9_4_4,9,4,4
9_4_5,9,4,5
9_4_6,9,4,6
9_4_7,9,4,7
9_4_8,9,4,8
9_4_9,9,4,9
9_5_0,9,5,0
9_5_1,9,5,1
9_5_10,9,5,10
9_5_11,9,5,11
9_5_12,9,5,12
9_5_13,9,5,13
9_5_14,9,5,14
9_5_15,9,5,15
9_5_16,9,5,16
9_5_17,9,5,17
9_5_18,9,5,18
9_5_19,9,5,19
9_5_2,9,5,2
9_5_3,9,5,3
9_5_4,9,5,4
9_5_5,9,5,5
9_5_6,9,5,6
9_5_7,9,5,7
9_5_8,9,5,8
9_5_9,9,5,9
9_6_0,9,6,0
9_6_1,9,6,1
9_6_10,9,6,10
9_6_11,9,6,11
9_6_12,9,6,12
9_6_13,9,6,13
9_6_14,9,6,14
9_6_15,9,6,15
9_6_16,9,6,16
9_6_17,9,6,17
9_6_18,9,6,18
9_6_19,9,6,19
9_6_2,9,6,2
9_6_3,9,6,3
9_6_4,9,6,4
9_6_5,9,6,5
9_6_6,9,6,6
9_6_7,9,6,7
9_6_8,9,6,8
9_6_9,9,6,9
9_7_0,9,7,0
9_7_1,9,7,1
9_7_10,9,7,10
9_7_11,9,7,11
9_7_12,9,7,12
9_7_13,9,7,13
9_7_14,9,7,14
9_7_15,9,7,15
9_7_16,9,7,16
9_7_17,9,7,17
9_7_18,9,7,18
9_7_19,9,7,19
9_7_2,9,7,2
9_7_3,9,7,3
9_7_4,9,7,4
9_7_5,9,7,5
9_7_6,9,7,6
9_7_7,9,7,7
9_7_8,9,7,8
9_7_9,9,7,9
