fid,iid,high_level_category,ela_distr.skewness,ela_distr.kurtosis,ela_distr.number_of_peaks,ela_distr.costs_runtime,ela_meta.lin_simple.adj_r2,ela_meta.lin_simple.intercept,ela_meta.lin_simple.coef.min,ela_meta.lin_simple.coef.max,ela_meta.lin_simple.coef.max_by_min,ela_meta.lin_w_interact.adj_r2,ela_meta.quad_simple.adj_r2,ela_meta.quad_simple.cond,ela_meta.quad_w_interact.adj_r2,ela_meta.costs_runtime,disp.ratio_mean_02,disp.ratio_mean_05,disp.ratio_mean_10,disp.ratio_mean_25,disp.ratio_median_02,disp.ratio_median_05,disp.ratio_median_10,disp.ratio_median_25,disp.diff_mean_02,disp.diff_mean_05,disp.diff_mean_10,disp.diff_mean_25,disp.diff_median_02,disp.diff_median_05,disp.diff_median_10,disp.diff_median_25,disp.costs_runtime,ic.h_max,ic.eps_s,ic.eps_max,ic.eps_ratio,ic.m0,ic.costs_runtime,nbc.nn_nb.sd_ratio,nbc.nn_nb.mean_ratio,nbc.nn_nb.cor,nbc.dist_ratio.coeff_var,nbc.nb_fitness.cor,nbc.costs_runtime
1,1,1,0.5226328853432229,-0.10473829964130374,1.0,0.0022494999999999998,0.6080093202512602,133.97547297015586,0.4148103401450992,5.397615941718813,12.352122852206382,0.6201189447741555,1.0,1.0000000000000027,1.0,0.008496,0.4509979879703334,0.5417603160029896,0.6096341671998502,0.7359660383873627,0.4434768629300283,0.5448541736281948,0.6148847149611408,0.742202049213144,-4.834681630009287,-4.037153715288266,-3.437686521822293,-2.325249252939691,-4.9111586977655515,-4.027178428008321,-3.40423205665807,-2.2865291816535174,0.0033945,0.8434302890047288,1.1461461461461455,2.4287643824604506,0.6356356356356353,0.5282258064516129,0.121405,0.9230104303658435,0.878177948885882,0.6634924389592021,0.18465190989960484,-0.4395457635085397,0.0140305
1,2,1,0.4168791686006505,-0.2954874865456458,1.0,0.0021755,0.8653732837303924,490.15361377015586,1.6823840582811846,8.117774684314067,4.835857653881781,0.8686859189363935,1.0,1.0000000000000049,1.0,0.008265999999999999,0.5092698972743886,0.5765597652289534,0.6564906887785714,0.7742286326144163,0.48851540997012677,0.5663081209147243,0.6521596648621838,0.774430048105713,-4.3212211039216735,-3.728496090837888,-3.0229408815395855,-1.9868285776058858,-4.512328784784167,-3.829598228910248,-3.0879451866880046,-2.0005296206428094,0.0033095,0.8163819839080295,1.2862862862862856,3.6815172663881484,0.8158158158158154,0.4959677419354839,0.12198200000000001,0.8972807916978831,0.8707733415827406,0.6561261981660098,0.18528567092130524,-0.3900051045166522,0.0131235
1,3,1,0.4314101031694605,-0.132010886659867,1.0,0.0021955,0.817637739062574,-167.2616143898442,0.4361705372980042,7.719626235660263,16.993311273159346,0.8229200697700616,1.0,1.0000000000000036,1.0,0.0082915,0.4270503728204234,0.5525350936238144,0.6326974195258104,0.7631230081455289,0.41966679536554563,0.5481985977750627,0.623777351436917,0.7610788696231221,-5.047578195742575,-3.941316994339293,-3.234273007767909,-2.084959878071154,-5.138114937306479,-4.001535703660451,-3.330321929267828,-2.111209350602155,0.0034135,0.8191689238773913,1.2562562562562556,3.511927530450728,0.7657657657657654,0.502016129032258,0.121636,0.8977817879183052,0.8752177465544346,0.66747525937293,0.18517579242790816,-0.39948120989447233,0.013211
1,4,1,0.479485060830244,-0.12021412288178054,1.0,0.002137,0.8044937883446239,-76.14385694984415,0.6251896598548992,7.7913021684458865,12.688337532920372,0.8100889413224002,1.0,1.0000000000000033,1.0,0.0079415,0.46098040478687863,0.5556610405323146,0.6340387201720319,0.7699163429810121,0.4645650849121164,0.5525565470835436,0.6412586124341882,0.7741813212592039,-4.744147524653611,-3.915128809973668,-3.222321144513922,-2.026790850090358,-4.736801860197384,-3.9530800114205515,-3.1723501878227855,-1.9993663108455704,0.003149,0.8088702005178124,1.2462462462462456,3.353710152002929,0.7257257257257255,0.5100806451612903,0.1157545,0.9023702606820105,0.8738283103536875,0.670741569470479,0.17834940475783012,-0.4063861024220712,0.0122685
1,5,1,0.39922329167452525,-0.2574704745043101,1.0,0.002227,0.7865379860504366,47.41324833015584,1.3001705372980055,7.138010340145103,5.375297262455266,0.7880382363562772,1.0,1.0000000000000033,1.0,0.008278,0.4395166096548197,0.5401403664630293,0.6305263397146947,0.7620412557672169,0.4566662077176799,0.5413657353355026,0.628874342128436,0.7553284734968626,-4.9365377884512665,-4.046582033174018,-3.2555116906208585,-2.096070934186039,-4.801256328629025,-4.052775497757656,-3.288934633726475,-2.1652106472073553,0.0033109999999999997,0.8222921321217461,1.2262262262262256,2.989446772280588,0.7057057057057055,0.49798387096774194,0.1216685,0.9061873253021444,0.8785189922196059,0.6675209531014921,0.17959076813889902,-0.39859295856385624,0.012699499999999999
2,1,1,1.0250189036054111,-0.21269622792137266,1.0,0.0022045,0.6610533139133747,11341461.198188568,48492.41670215899,3242855.15171481,68.673211768978,0.6612910969730155,0.9969355117377389,606.8125394311564,0.9989263047030138,0.0083455,0.710410041832938,0.7563882071239105,0.7968365123425398,0.8801554779161773,0.7101959177320001,0.7417076006009437,0.7938760238655624,0.8732832870346199,-2.5509561106815575,-2.14656392874537,-1.7882706765950536,-1.055436819580419,-2.5623210245748274,-2.2878130448928893,-1.8299071262893007,-1.1213447748975747,0.003334,0.7876726244129233,6.83183183183183,677377.5997517745,6.14114114114114,0.5221774193548387,0.158171,0.7263983833328085,0.8425423366209037,0.55718194088814,0.20421304817734426,-0.32731036428808435,0.017236
2,2,1,0.6452713205940728,-0.8391121712395948,1.0,0.0021755,0.0046219311363428,8656274.268991198,55029.22132290689,259209.4900337701,4.933578011490051,0.00636556967558595,0.9985445586319749,1706.3759530489124,0.9985499722631279,0.0081925,0.7726326884022252,0.8115909764517641,0.8335078981208686,0.8849871281685173,0.7497645597719024,0.8353650561525887,0.8288302317706133,0.8808586726683147,-2.004154810065331,-1.6593596355479394,-1.4655003326931846,-1.013290292259398,-2.2095449625626378,-1.4564317598883223,-1.5140023918845156,-1.0532376323917494,0.0032430000000000002,0.8051851235268273,6.761761761761761,726066.1843776449,6.21121121121121,0.5362903225806451,0.15613349999999998,0.7067281553609318,0.843070251213508,0.5362157347319201,0.20578922641258934,-0.4554797861533579,0.017613
2,3,1,0.9775227622957552,-0.38238099748955934,2.0,0.0021885000000000003,0.8320971073809275,18897874.06747707,48682.88202138516,6466994.862466387,135.08900151652415,0.8337522312506094,0.9981503631900113,779.8075668221933,0.9985103827516437,0.008317499999999999,0.7514062114870161,0.8133322328560733,0.8292244653925251,0.8885851027887359,0.7766102549271726,0.8139369898014713,0.8248412630661074,0.8903535512922283,-2.1881962630577805,-1.6444081688240777,-1.503644037001386,-0.9812543198221526,-1.9759535494864715,-1.6484410170707107,-1.548607893411325,-0.9734710728055833,0.003372,0.7410026204911608,7.062062062062061,590516.513396992,6.19119119119119,0.5181451612903225,0.161193,0.7104691849603526,0.8447834295672924,0.5541985630929236,0.2007993387635344,-0.28258571091217366,0.0165715
2,4,1,0.849142688132857,-0.6845242763288921,2.0,0.0023055000000000003,0.8685601049071393,21271910.40013727,38195.66856774555,7206976.911003966,188.15721421573684,0.869270190099959,0.9970411839360895,475.5732228499186,0.9972435679872825,0.008794,0.7532783121395392,0.8079272862380127,0.8350376523496741,0.8911338301741378,0.7572857176159042,0.8050814073836373,0.8255534398485461,0.8898778348171963,-2.172646532491047,-1.6916719763519459,-1.4519859840015843,-0.9587594434695066,-2.1482926322837383,-1.7256312662303284,-1.5443973758988694,-0.9736570415182841,0.0033794999999999997,0.7233104833971655,7.062062062062061,610761.480438099,6.251251251251251,0.5060483870967742,0.1686355,0.7098952804605267,0.8449214549556137,0.5486957934749342,0.2047679673464945,-0.27938395629321205,0.016141000000000003
2,5,1,0.636755384356275,-0.8756995473324409,1.0,0.0021715,-0.0033976646784643,8541767.577969134,53672.92393367366,245687.06058170332,5.548574749358211,0.00173156791974025,0.9985152838279283,1719.5106456128165,0.9985036829793714,0.008176,0.7860109124941306,0.8215717643825098,0.8359458645786506,0.8897382974024368,0.8088426793900185,0.8123241809185358,0.8425227589720934,0.8830587821892562,-1.8850507364018403,-1.5712432092650204,-1.4447115261011603,-0.9709404370545895,-1.6925229584925496,-1.6646664155527602,-1.3935722139545765,-1.0343753859444385,0.0032655,0.8014484856992361,6.75175175175175,726066.1843776449,6.21121121121121,0.5362903225806451,0.1577915,0.6889413308317632,0.8401124747914188,0.5206021902658935,0.20957216022129527,-0.45604697691914386,0.017796
3,1,1,0.6708121015835233,-0.23878539245534935,1.0,0.0021395,0.6059859832546108,-142.24812999352815,1.5165588593115822,39.191584074384764,26.547732662102064,0.612561443653254,0.9713946668439721,9.518448297651238,0.9855358705749557,0.0081775,0.5404397964425436,0.5945933198631121,0.6686346208287341,0.7823785298825006,0.5040718496917604,0.5947647088208305,0.6599999617307417,0.7672637980567448,-4.047956877890119,-3.569804801614462,-2.9179384300725992,-1.9168789709827476,-4.382323787616436,-3.5809209791497403,-3.0102220844163874,-2.064204764487055,0.003158,0.8282722242104075,1.966966966966967,15.00691856413702,1.406406406406406,0.5262096774193548,0.1251525,0.8661863900023736,0.8660882505756391,0.633476278909058,0.1922143223575781,-0.40845924130795774,0.013667
3,2,1,1.9397024017907363,2.872203517356619,2.0,0.0021904999999999997,0.5890028524774921,1166.9470510547567,7.302062760422528,377.1176900600824,51.95611078974748,0.5939651073012902,0.9108017518506681,132.0416267263481,0.9878263886234534,0.008193,0.5179573238927635,0.6119278491975304,0.6761975652951018,0.7849676942158402,0.5336013598631767,0.5997203444976753,0.6683791088100972,0.780141402528465,-4.247524476715661,-3.4165860611691015,-2.851557858632068,-1.8943940247339683,-4.126726608277117,-3.5421460125847064,-2.941379825571661,-1.9460221262630113,0.003251,0.7479805356658473,3.1481481481481484,20.72199983756435,1.7667667667667668,0.5060483870967742,0.1297725,0.8599786553172102,0.8667920579147306,0.6480629343001261,0.18750947270790963,-0.29474719269201644,0.0139465
3,3,1,1.4281449176906984,0.6535102061743909,2.0,0.0022045,0.6946281366670377,1986.4267097227143,4.199731924417623,700.8409631316706,168.48377836695468,0.6994530279770537,0.965493738828805,203.26545684516952,0.9943058693067277,0.008158499999999999,0.5647846181406845,0.6308830909937576,0.7036132517733915,0.8108171822498491,0.5514586170200119,0.6133449381152001,0.6996137913592431,0.8056373234692819,-3.8332019598642484,-3.250963814856401,-2.6083762702597464,-1.6658444869802547,-3.957506682756375,-3.429711798329702,-2.6590136540353844,-1.718328702033702,0.0032300000000000002,0.7060621737023596,3.2482482482482484,18.461469463245457,2.037037037037037,0.5,0.13148700000000002,0.8358574573313551,0.861559907483987,0.6262486494674004,0.19431156904858488,-0.28512325021989454,0.013573
3,4,1,0.5801667575906952,-0.2196056845147216,1.0,0.0021765,0.8555673479266659,429.46655401482747,4.818706999059684,57.19241935350891,11.986380773117517,0.8560114668277681,0.9925014693856504,8.566375589105272,0.993783563479312,0.0082215,0.5039876231088496,0.614067485153222,0.6849778925002885,0.7868228664777146,0.4967080451041992,0.594938709712852,0.6729004240864755,0.7801111569796968,-4.37045314483717,-3.39714163450543,-2.77410649520775,-1.8772514809685745,-4.454303604178069,-3.584226793100118,-2.899657487814818,-1.9459509641207908,0.003273,0.8161574520025803,2.0470470470470468,17.232630891242025,1.4664664664664666,0.4919354838709677,0.1262815,0.8535821503911751,0.8698332324569715,0.6621438574620009,0.18464940572264915,-0.3629537810720549,0.0136995
3,5,1,1.8221136367308193,2.59740911214569,2.0,0.0021895,0.5904441317038813,1367.2683413269174,7.144652021294844,384.9686394850745,53.663421877536706,0.59410988310208,0.9115479199152986,338.81702090179385,0.9881178470723633,0.0082085,0.5052240660148719,0.5963461781938632,0.6795948296104393,0.7963021759152595,0.48552167497421417,0.5914551437334402,0.6654412517406245,0.789452245899998,-4.357096601122567,-3.548555133252664,-2.8219217761959605,-1.7943097116716875,-4.540803413334567,-3.6065220846602255,-2.9657971005520194,-1.8632977218275877,0.0032830000000000003,0.7252408854748995,3.1581581581581584,20.97203149152406,2.037037037037037,0.5221774193548387,0.130049,0.8341934390225716,0.8632213482154598,0.6331639235797214,0.1886910671949695,-0.3270863745537924,0.0141395
4,1,1,2.454309876256901,5.788683875436469,2.0,0.0022085,0.3087601826663853,811.6132660466351,9.533753505344354,313.47338762657955,33.501674005298455,0.3086089699007673,0.7192750452726248,40.50330510343845,0.9313454878526621,0.008221,0.5341398273499385,0.6050028892411854,0.687667845808496,0.794885258097745,0.5166756475290697,0.6068630056962027,0.687066883120508,0.7919361449243003,-4.101230809327944,-3.4777762371136003,-2.7502260707393544,-1.8055197955012572,-4.286375805738869,-3.482421221713283,-2.774528968808328,-1.8385921428844916,0.003255,0.767287535785254,3.3683683683683685,29.963450650496743,2.0470470470470468,0.5383064516129032,0.131444,0.8438675431514069,0.86053825513165,0.6124527133189195,0.19509264501581974,-0.32648016164097904,0.0146165
4,2,1,2.0352925440645797,4.248898975677157,2.0,0.002226,0.3544922110380955,1572.8120888274989,13.475153140060758,261.5142656520238,18.318668724712424,0.36598468261393174,0.7578127206012644,49.96219147815158,0.9379876320920211,0.008402,0.5994943317559229,0.611925764041056,0.6791870258078927,0.7869769223886145,0.5915645260159802,0.6333138123223752,0.6703978211233717,0.7804643183362985,-3.5267058248003256,-3.418167129588669,-2.8245738060918573,-1.8762188048475965,-3.614979885158705,-3.2380277961762074,-2.923822940501358,-1.9423858028648295,0.0033689999999999996,0.7551897019380198,3.338338338338339,34.40740236452726,2.167167167167167,0.5504032258064515,0.13329000000000002,0.8255765207460245,0.8601880143218155,0.5994640897091122,0.19366292037786825,-0.3570972620416861,0.0154345
4,3,1,1.5921088909001626,1.5589537319319433,2.0,0.0022025,0.5961116245196806,1800.5152832566491,5.880725719043442,509.9427721441268,87.29575975883549,0.6029424543382917,0.9276293726574085,66.75916992335216,0.9874229630357849,0.008174,0.5682205599020222,0.6209548536325009,0.6824383783607045,0.7885372864639977,0.5504296972193419,0.6126147332787326,0.6646453985504384,0.7808117229891911,-3.803189532709163,-3.338126068126198,-2.7986882476036747,-1.8628480478144793,-3.990735443856627,-3.4245305046701207,-2.973694079615144,-1.9441460224011329,0.0032960000000000003,0.764654231007885,3.2082082082082084,41.9176165998922,2.127127127127127,0.5423387096774193,0.1326345,0.8404544107181023,0.864711989725139,0.6234503961631876,0.19140399784165846,-0.3199106216531853,0.014301999999999999
4,4,1,1.7559997007324561,2.781602006253161,3.0,0.002178,0.3104758261892281,989.6994991466111,7.408927857539755,171.22212693544162,21.394955444567714,0.32049438064229624,0.7407359119012702,42.89247435665331,0.9244895919410522,0.008189499999999999,0.5025287022536937,0.6205064622909864,0.6882604279359088,0.7887984278566631,0.48161365464345707,0.6128039650060755,0.6777952945132392,0.78330316813717,-4.38046708088107,-3.342486828649923,-2.7440178179025225,-1.860120739977941,-4.574663925330412,-3.4329352581854913,-2.850494700155836,-1.9177008322182587,0.0032685,0.7966232559783144,3.0380380380380387,32.10010895543175,1.9569569569569571,0.5141129032258065,0.13107200000000002,0.8463554487183578,0.8642220311678661,0.6309995417774147,0.19029819126316572,-0.3831701290836969,0.014247
4,5,1,2.917471056868668,8.282090626721349,3.0,0.002205,0.2550609349603643,1066.212282334991,4.892789241667099,237.44397171908145,49.06187288220151,0.2648674403653002,0.6768395748558117,62.19546449199319,0.9052603184676276,0.0082285,0.5250736178803126,0.638564317614823,0.703480209984012,0.8048416012679672,0.4939982561505445,0.62114847642025,0.6971311642102542,0.8041961550438679,-4.183293859286554,-3.184541353234482,-2.6128391159287605,-1.7181166707980347,-4.4751282009661875,-3.355055614938047,-2.686609257769356,-1.7335368715417039,0.003308,0.7996342635841083,3.308308308308309,25.49214654451421,1.7467467467467466,0.5524193548387096,0.131162,0.8411010006836213,0.8664778693337094,0.6188410548252102,0.18736242698383485,-0.29382651074731075,0.0149765
5,1,1,0.02392011660955065,-0.6883037653556501,1.0,0.002151,1.0,98.60985161055396,0.9999999999999988,10.0,10.00000000000001,1.0,1.0,8.853846802610928,1.0,0.008189,0.7009336535436392,0.7381399292150146,0.7921670646899253,0.8573636408131786,0.6934738868214556,0.7210242350810014,0.7732084541487168,0.8500340486313942,-2.633317290628645,-2.304591001374199,-1.8301317989905956,-1.256327597751945,-2.7135036478055286,-2.47367513331769,-2.009228073372436,-1.3333539004980657,0.0032255,0.8190052458704014,1.0460460460460457,2.6633327251749805,0.6256256256256253,0.4758064516129032,0.1210825,0.7261578043518738,0.8461928124821074,0.611214145801827,0.19802080297133545,-0.35224057989457164,0.0147055
5,2,1,-0.0184825516077743,-0.6759775547443976,1.0,0.002184,1.0,763.809851610554,0.9999999999999988,10.000000000000002,10.00000000000001,1.0,1.0,10.330582802883706,1.0,0.0082365,0.699688275404774,0.7367346818532647,0.7732087347815124,0.8596024467829823,0.7185471253230322,0.7368951495408218,0.7695987004774993,0.862055923300425,-2.645148739713017,-2.3162043257910496,-1.9972377603818026,-1.236634281546796,-2.4914362748751495,-2.329402409322734,-2.0386258081617905,-1.224747837783854,0.003319,0.8168265049043729,1.0460460460460457,2.72615650877771,0.6056056056056053,0.4838709677419355,0.1212565,0.7260862596431017,0.8479753669737989,0.5944528033457003,0.20119866559575983,-0.3469309011819538,0.0148445
5,3,1,-0.026650097914401052,-0.6621545379401113,1.0,0.002155,1.0,174.52985161055398,1.0000000000000013,10.000000000000002,9.99999999999999,1.0,1.0,7.568176985550127,1.0,0.008142,0.6751639017398097,0.741002436427612,0.7789285694611613,0.8629066385324604,0.671868954049706,0.7352451173343103,0.768187308436856,0.8521963742462073,-2.860839567230263,-2.2810601210635424,-1.9477505915315207,-1.2074283786621756,-2.910311217192595,-2.338059037153046,-2.053917452378819,-1.303803203201992,0.0032325,0.818020962813832,1.0460460460460457,2.7889802923804394,0.6456456456456453,0.47379032258064513,0.11988750000000001,0.7374840476955329,0.846047506257557,0.5943904913832967,0.20348609603941226,-0.3492094725911714,0.014626
5,4,1,-0.0038197912918587,-0.6920097205380025,1.0,0.0021585,1.0,1049.4898516105538,0.9999999999999996,10.000000000000002,10.000000000000007,1.0,1.0,7.2762500817676266,1.0,0.008153,0.6864086656308991,0.7657531450634797,0.7955502035902406,0.8682455789105581,0.685605975863369,0.7493534241459607,0.7852395631460571,0.8593871141119462,-2.7590857948560172,-2.0626549361598183,-1.800463173943526,-1.1605027814785402,-2.7881763753449933,-2.211077503994287,-1.899241704440727,-1.246704440608681,0.003253,0.8230374466329581,1.0460460460460457,2.72615650877771,0.6456456456456453,0.4798387096774194,0.12048,0.7200970370205618,0.8464111220308024,0.5889780239950503,0.2013771320475976,-0.357118450448089,0.0142805
5,5,1,0.004561626449857501,-0.6053910240578231,1.0,0.0021384999999999998,1.0,70.36985161055397,0.9999999999999996,10.000000000000002,10.000000000000004,1.0,1.0,8.57457274990233,1.0,0.0081575,0.7552804245251734,0.7617663225006955,0.8025738310348413,0.8666758165766839,0.763960753968798,0.7561079108066442,0.7894292065715405,0.8688294196489447,-2.155973442910903,-2.0963320597042534,-1.7384939110277045,-1.1744896302129462,-2.09602822636007,-2.1607351833075485,-1.8693865351782435,-1.1631754550485494,0.003235,0.8190159097903048,1.0660660660660657,2.543345761304648,0.6056056056056053,0.49193548387096775,0.1210695,0.7285985843314993,0.846248540362978,0.596070491493659,0.19964884311754874,-0.34614516274401774,0.014779
6,1,2,0.8381805958764856,0.3246157221816139,3.0,0.002168,0.6113751398502976,231453.67598973462,4325.479158979022,34519.04036509845,7.927055297151396,0.7916970619114452,0.7548209545143285,4.2514478097937065,0.974906238503741,0.0082155,0.5210957896005379,0.6548684534282139,0.7101167791374117,0.8174102996712994,0.5128937084571727,0.6325704408933712,0.7042389160539549,0.8058200326044981,-4.217282984073957,-3.0375797650491543,-2.5530019617868973,-1.6068083884662259,-4.310491903336217,-3.266496002588264,-2.619243833946687,-1.7128979508634585,0.0032535000000000003,0.7898079759711146,5.070070070070069,14097.728716289676,4.40940940940941,0.5,0.14649800000000002,0.8331231481814905,0.858530252881271,0.6191438291954583,0.19436307260221702,-0.36875875837659394,0.0142895
6,2,2,1.6191950077126815,2.528449138366641,2.5,0.0021765,0.7138839370851829,232909.8740613492,9930.038106897848,49604.743210847606,4.943392966563694,0.8978823212337914,0.8025501111444775,3.988073715977256,0.983081699439154,0.0081775,0.504643301106803,0.6019098638609758,0.7010321235568442,0.8156618114218106,0.5092893535778911,0.5895102684973245,0.6800417950565659,0.8086973568314464,-4.3591643528589765,-3.504173187975667,-2.6305460716876685,-1.6231419082698992,-4.346441381208774,-3.638561002913363,-2.831394461058073,-1.6901254417215075,0.0032415,0.7468030167028934,5.19019019019019,12000.3642563748,4.379379379379379,0.4879032258064516,0.1468275,0.831427962004497,0.8609865315542722,0.6274497155255151,0.190733307424082,-0.2928879709723641,0.0143155
6,3,2,0.8816172473704156,0.7605451187523551,3.0,0.0021365,0.7277430880078473,327468.8778389073,9856.25536380445,37900.09671832602,3.937353107282387,0.8677547445112843,0.8352301588028213,2.5642899788542652,0.9833779613284511,0.0081355,0.5950387180897581,0.6785154720415281,0.7038336093337073,0.796043400125165,0.5862140839475118,0.649425239295742,0.6816533281995144,0.7899787831494279,-3.564484256989265,-2.8316056165393872,-2.609749609514618,-1.7960463517626994,-3.6720111601419623,-3.1013939837770055,-2.825500996874063,-1.867203067925109,0.0031799999999999997,0.7981455076978894,5.11011011011011,14264.000216990735,4.459459459459459,0.49193548387096775,0.1454625,0.823314429984026,0.8620467519902243,0.6386020471810917,0.1905399228882301,-0.35622015302181315,0.013981500000000001
6,4,2,0.8138064654006143,0.0920881723547253,2.0,0.002164,0.8962722678567379,859848.2991301476,13080.74822837536,135009.57861191424,10.158350988934735,0.9536829841019553,0.9369452799055378,2.7207092504780066,0.9932468720900209,0.0082145,0.562347385500199,0.6544741595293588,0.7280601599987071,0.8333034325648971,0.5671772170849794,0.6551885653175877,0.7220155004934667,0.8250479470244187,-3.853443819877044,-3.0424203184453567,-2.3945688134782896,-1.4663772462556937,-3.8299016294112067,-3.050373040591534,-2.4681490052203503,-1.5458521938181846,0.0032325,0.8043331097862922,5.41041041041041,31594.744607593275,4.78978978978979,0.4838709677419355,0.148607,0.8249727100968409,0.860318230239618,0.6281576091803596,0.19300217809450138,-0.3349633463662758,0.013875499999999999
6,5,2,0.87009394683808,0.3966738711206821,2.0,0.002172,0.9003285597752664,715370.8978655215,20725.421071027555,122240.19706552048,5.992272086613696,0.9375955332273547,0.9504771432537158,4.619463733878936,0.991842927119136,0.0082215,0.5693381898494497,0.6275086935490304,0.6948738107835276,0.8204581892461271,0.5464218513503059,0.6255724760606347,0.6777730928296384,0.8049633957906608,-3.7929253011942023,-3.2781386085752473,-2.6867806269024337,-1.5815268235144146,-4.02380305203373,-3.32262017267107,-2.8504515612488044,-1.7286371717880784,0.0032294999999999997,0.7980558835628614,5.390390390390389,28812.0930781622,4.77977977977978,0.47782258064516125,0.1499585,0.8148421199884761,0.8640759870939692,0.6373155430111412,0.18832652841261355,-0.3377536015172449,0.0135355
7,1,2,1.7997275080101205,3.9474792379265944,2.0,0.0022164999999999997,0.0027585610135838997,627.2825544740755,2.4821452459221494,20.437799735590602,6.659482642570495,0.8018448516721817,0.1919029105461574,4.175573415270196,0.9957584957031863,0.0083035,0.6651432923029266,0.7422813156914754,0.7961969464640661,0.8786332620841861,0.6690702365899819,0.72798852845037,0.7876285206397724,0.8684501813744729,-2.9494064748818336,-2.270127197591238,-1.7953580462612724,-1.0679446271577446,-2.9325166039041624,-2.4080875118819853,-1.8805283412529787,-1.1599419317985582,0.003283,0.8018227326105852,2.5575575575575575,37.730444899259666,1.836836836836837,0.5221774193548387,0.131043,0.7948388552283423,0.8580726138539947,0.5896777441269334,0.19899312842329847,-0.36120875836077915,0.015638
7,2,2,0.8975906210706085,0.5977219441596884,1.0,0.0022215,0.7907650632018519,869.8730783659288,40.83465653536845,117.96977749496477,2.8666976087525575,0.9148708849025313,0.8718440580779931,4.076999196570438,0.9959752044035158,0.008323500000000001,0.5712322432278656,0.6710496211534913,0.7327313181476752,0.8229027026898332,0.5827926633566594,0.6364931139477554,0.7121663741346133,0.8053910192466485,-3.7762612732024006,-2.896742189130134,-2.354077621760634,-1.559560409334491,-3.69616889446361,-3.2193363664451,-2.540566110423015,-1.7231898351941646,0.003321,0.7991900627445495,2.4574574574574575,40.4209583979631,1.8668668668668664,0.4798387096774194,0.131821,0.8262716091237956,0.863163948848594,0.6318007992392913,0.19040351242293097,-0.34279675976272395,0.013867500000000001
7,3,2,1.5535423096427878,2.3721412254765637,2.0,0.0022034999999999997,0.7905041947729984,1225.559708411256,16.005391665207654,231.06252453848953,14.74675655375935,0.9490835994145745,0.8385145387340013,9.72525193549209,0.997440321425505,0.008243,0.6136073989879365,0.6906197049428939,0.7563196574769253,0.8396300331345359,0.6197108684982016,0.6629835436354159,0.7374243422721369,0.8283150319087815,-3.4033893642537385,-2.724813220183343,-2.1457206505927795,-1.413087364960166,-3.3602308314811857,-2.9854752052829094,-2.3245674323432617,-1.5151832398580938,0.003281,0.7642906881236369,2.787787787787788,49.75217212830911,2.027027027027027,0.4879032258064516,0.1316155,0.7854633853562974,0.8563265379702343,0.6177073022358688,0.19317270265330536,-0.2997576775636424,0.014553
7,4,2,1.2097096252779531,1.9792316012671938,2.0,0.002188,0.3354709735337563,578.9960848684339,5.594815075947619,50.51069147125577,9.101400989253593,0.7748143353425139,0.5918740449786277,7.806640175905775,0.9938605977755808,0.0082635,0.5734087147776468,0.686745868506798,0.7352857881631951,0.8239914912208601,0.5853367905703861,0.6669313884153356,0.7081409904013414,0.8060457993869866,-3.756762913380007,-2.7595415753248043,-2.330801353461058,-1.5482444575624692,-3.6743453491018325,-2.9426744578892436,-2.577858637903825,-1.7174286946082011,0.00336,0.8214148608949705,2.3673673673673674,30.653952950565294,1.7367367367367366,0.5080645161290323,0.12972850000000002,0.8243512719957762,0.8638146121412729,0.6233729885323656,0.19066201258675294,-0.39667348950656073,0.014695
7,5,2,1.516631663778554,2.8700738573740256,2.0,0.0021999999999999997,0.1908379759578261,555.9050894456204,8.588096088431861,44.533681954466275,5.6168307115925655,0.771779736308578,0.4543905287566983,2.919794922667486,0.993669295994611,0.008275999999999999,0.603395115603313,0.7318990101216956,0.7813943666633241,0.8440308919870823,0.5965956043447378,0.7082440363946145,0.7648900383729391,0.825950997243176,-3.490936245814593,-2.360389497601407,-1.924266209778919,-1.373119035304855,-3.5720975794874925,-2.579958040426156,-2.0764852639724776,-1.5473638578466455,0.0033355,0.8131224267659798,2.4074074074074074,29.27294835042819,1.7267267267267268,0.5181451612903225,0.13045849999999998,0.8097175760950188,0.8630568839640672,0.6056158737048911,0.1946770198736891,-0.37019063025069543,0.0157585
8,1,2,1.0802588769875752,0.6763824870551371,1.0,0.0022195,0.3618047333020581,69667.4011435551,1128.8466916174846,7515.960256161051,6.773836429711505,0.4022889687140778,0.8516345336388683,27.498729242712834,0.9735865070908174,0.008337,0.5664678856795573,0.6266614266543566,0.6789339436247102,0.7645465010317776,0.5609540952200189,0.6186038016194243,0.6653357681166473,0.7585129007569709,-3.8195200041224786,-3.2845799383878136,-2.827474030903347,-2.0734682155692634,-3.876128236330973,-3.3777866190708643,-2.9686545219910094,-2.1328038327318,0.0033655,0.809995234688718,4.6996996996997,5354.620899273613,4.049049049049049,0.564516129032258,0.146094,0.8417633304181767,0.8668646773567523,0.6169973766838355,0.19327862868121964,-0.4561244864458285,0.0150135
8,2,2,1.3033166639614326,0.9629579150107843,1.0,0.0021955,0.6580740860693183,176888.28167085303,1739.5383177716549,46196.832734182906,26.724424105316857,0.6680942380587029,0.9467307015843542,58.68591954621378,0.9972444705169344,0.008230000000000001,0.5284102455395459,0.599851856137932,0.6540538508462541,0.7791256987521684,0.4917529038549059,0.5805248104317997,0.6329344487810087,0.7726825260879122,-4.150902187544352,-3.5265276129119463,-3.0477590383915567,-1.94533039586074,-4.501410397133778,-3.72274634446182,-3.247917120781559,-2.017176984252659,0.003248,0.7592663765935924,5.130130130130129,8490.415204088755,4.31931931931932,0.5262096774193548,0.1466515,0.8524241677172741,0.8663935175543964,0.6374507715330748,0.18757005492509177,-0.363889789453391,0.013877500000000001
8,3,2,1.1158023735859919,0.9009203763313245,1.0,0.002183,0.5987921117921795,163051.83650952042,3083.8510003123465,30841.577957298552,9.505287797301506,0.6175772199549182,0.9230224421407209,67.52281301499569,0.9957983602973024,0.008146,0.48687338750568887,0.5936351197318728,0.6601952403961935,0.7650542587069521,0.48456777741854173,0.567820029215879,0.637403910595064,0.7588593821198507,-4.520714459284795,-3.5789887286951467,-2.9931156800339336,-2.068914959369021,-4.565417329691435,-3.83698835479149,-3.2178162366125482,-2.1384391406056733,0.0032205000000000003,0.7775322901830608,5.03003003003003,11736.276837361198,4.34934934934935,0.5161290322580645,0.14605849999999998,0.8541570892312793,0.8660941755116114,0.641836018040953,0.18983364149871307,-0.4098002056802768,0.0132435
8,4,2,1.1011484143743875,0.747454073000287,1.0,0.002182,0.5774428999289964,156168.28416166172,3100.779796001893,31476.219502904634,9.721059521585545,0.5946306502320269,0.9159827331535706,44.35249268117593,0.9953375274178692,0.0081125,0.5103149241081737,0.5715012523029427,0.654415865502177,0.7693442986098487,0.4951752051611443,0.5649236958901982,0.6362201506433425,0.7661719207780493,-4.307641399273807,-3.769374367590383,-3.0432177115809353,-2.0299051149114806,-4.476354600758526,-3.849128515941899,-3.2208955694953385,-2.073858209807865,0.0032240000000000003,0.7769440178798124,5.03003003003003,12289.957051149482,4.33933933933934,0.532258064516129,0.144782,0.8609660201026852,0.8672420026285519,0.6370981605873025,0.1884690907267699,-0.400589543100235,0.0134435
8,5,2,1.0596621323420634,0.745766439081027,2.0,0.002172,0.6119104159481314,173415.68163599994,3137.051239210172,29131.332952623776,9.224064713233037,0.63101968355757,0.9312150855983135,41.819857879893064,0.99611522052244,0.0081495,0.48488842773908025,0.5733700587421902,0.6547272028494817,0.7697960553711196,0.47071193528971955,0.5666675326390209,0.6487832403769326,0.7616248876933902,-4.539830482486,-3.7578959973494124,-3.0377306392870156,-2.027660585322589,-4.705927456146005,-3.833997041147936,-3.0972785218478966,-2.1099158428817413,0.0032500000000000003,0.7665688810758564,5.050050050050049,11195.643194838794,4.369369369369369,0.5241935483870968,0.146277,0.8649188880087271,0.870783218409247,0.6402224806580397,0.18541293713726945,-0.397758363429965,0.014131000000000001
9,1,2,1.9728181746428517,5.028174869894763,2.0,0.0021895,0.060846885255371796,74567.52834129937,495.77721563288145,6312.368680312085,11.439138342678806,0.31953998059772926,0.5597141606353402,1.6430291305624107,0.8590074758571713,0.00821,0.5090516268544221,0.6535354672696334,0.7153086076100714,0.8008340958751983,0.49259939236285977,0.613200737892669,0.6649701399269582,0.7764090069804847,-4.324433233827626,-3.0507216563615907,-2.5068337002744316,-1.753536529233489,-4.487429276009931,-3.430982336666495,-2.963296436291249,-1.9804128044624114,0.003249,0.7809040754047241,4.87987987987988,5739.50063679265,4.049049049049049,0.5383064516129032,0.145842,0.880425806597706,0.8707787246493325,0.6461358266935903,0.1883393991463399,-0.399549427261398,0.014249
9,2,2,1.9972303763590307,5.285780464007105,2.0,0.0021535,0.04914725207167625,72143.13437387891,455.47210754882565,4740.216454631227,11.038786481290787,0.24757950752304655,0.5718498880922083,3.0380430228658986,0.84047554659114,0.008116,0.5293506326142883,0.5959671354220861,0.6670322676649763,0.7705069040972066,0.49950065215144057,0.5729219861316603,0.6373833981113775,0.7556825622589063,-4.143852139973898,-3.5585537065019053,-2.9334183846334314,-2.0208399068524714,-4.436711694549495,-3.781658962228234,-3.2156850071668988,-2.1681224937662287,0.0032305,0.8072498653551518,4.849849849849849,5354.620899273613,4.059059059059059,0.5423387096774193,0.143842,0.8723937544541136,0.8704031083719755,0.6294535607018121,0.1862454586825658,-0.41679718286865797,0.0139655
9,3,2,1.9765391717863965,4.882210261189634,2.0,0.002195,0.06624005377715035,73895.19104889696,441.02034859437276,6069.565443951446,14.342432246831756,0.33102729422163724,0.5436585755987509,1.608006878460131,0.8479757808488467,0.008182499999999999,0.5278213530648617,0.6209284519357563,0.7033775671198114,0.7911209382150355,0.5255197944163063,0.5997147808222032,0.6607795385406241,0.7705471962137386,-4.154193067761545,-3.3382715427393848,-2.612580015888601,-1.8379569181240853,-4.199033885204692,-3.5535363544441605,-2.993983478452157,-2.027417480569638,0.0032225,0.7958293161696474,4.86986986986987,5739.50063679265,4.0690690690690685,0.5584677419354838,0.1440535,0.8635210881976356,0.8717386923952397,0.6266751052282622,0.18512314433434357,-0.399054269605302,0.014123
9,4,2,2.172424204855208,6.388054143308792,2.5,0.0021535,0.06611064802693176,73187.44624543967,547.5376527756059,5749.527216203631,10.705025937287427,0.31960032756658474,0.5385912034155687,1.8034618527420858,0.855646130735817,0.008132,0.5631882496021448,0.6406741354316232,0.6953345837547782,0.7968820820642658,0.5576436706406336,0.6032643451147628,0.6751549853033423,0.7780259418052768,-3.8449179511644243,-3.162966223461062,-2.683485480196948,-1.7870217646326523,-3.9191569766566072,-3.4996356222381237,-2.874262191319464,-1.9580875525396064,0.003208,0.7947665761648774,4.87987987987988,5360.311210633185,4.0790790790790785,0.532258064516129,0.143196,0.8571218820392463,0.8676676981680673,0.6140267715552119,0.19226961713932988,-0.39656938161961164,0.014311
9,5,2,2.039612741378262,5.3727167534468245,2.0,0.0022045,0.037245621210319,73912.55151220912,1026.191517316832,4514.7484386390115,4.954325482167608,0.3344975773319995,0.5390069950843707,1.6036410728901747,0.8386352248165679,0.0083105,0.5354172671268411,0.6272003471020317,0.6800149211596864,0.7887323358540783,0.5109673465217148,0.5916210354543694,0.6402953248818952,0.7618239188392151,-4.090423436767544,-3.2815641418967463,-2.8180051120363077,-1.860202588252258,-4.331542595974489,-3.619568282170057,-3.184646922336025,-2.1110935591125273,0.0032565,0.8001686854410026,4.86986986986987,5480.927891062825,4.049049049049049,0.5504032258064515,0.1459375,0.8617855672199293,0.8673352986693866,0.6224591028929736,0.19231768556865186,-0.4136825801504789,0.0142405
10,1,3,1.7628611749869263,2.6174477073554763,2.0,0.0021939999999999998,0.6290904275483399,14211687.725793436,211186.27753048687,3473166.2187883114,16.76561708556524,0.9212179453565887,0.7129651026194992,11.793011922232214,0.9948032247070753,0.008249,0.727003972637567,0.7887106909792536,0.834240402222423,0.8887807554915405,0.6967453166280231,0.7861871682023974,0.8209557676645505,0.8841195384722385,-2.404642312478577,-1.860721784118565,-1.4595521552202722,-0.9792537543911362,-2.689881520828477,-1.8965395730683183,-1.5876998315325124,-1.0290328618942106,0.0032779999999999997,0.7652427595174014,6.991991991991991,760319.6776925696,6.171171171171171,0.5080645161290323,0.15961550000000002,0.7174877437457778,0.8432508792441672,0.5641683499756331,0.2024261016370637,-0.26395118170355536,0.016960000000000003
10,2,3,1.6998635125111878,2.4160774237436087,2.0,0.002144,0.6643857415814853,15598295.887751086,1113537.838093786,3231732.7793929856,2.920450089408284,0.9467414813546848,0.716401918034135,6.364183765173933,0.9937742462537198,0.008123,0.6936510556264723,0.7762561451791684,0.8153622997614576,0.8884865027216613,0.6957227559634384,0.741575677410201,0.8002687697789421,0.8845309230642604,-2.698535589068528,-1.9708017058098297,-1.6259607710838022,-0.9823880002911007,-2.6987113383773593,-2.2861833488274117,-1.760371410204197,-1.0228072098077043,0.0032005000000000002,0.7581686756422739,7.03203203203203,719980.1450409258,6.17117117117117,0.5100806451612903,0.158527,0.7183141559312982,0.8460305994783912,0.5488488106988856,0.201099577419003,-0.26978901535659927,0.016406999999999998
10,3,3,1.2647394473358133,1.0119725357770135,2.0,0.0021785,-0.00361112129193425,8466924.055268168,40834.29584150482,273215.3301180511,7.821706219916972,0.4764769454863756,0.5633444305265918,48.02680825437642,0.9978035216778107,0.008218,0.8505671430550958,0.8396455810814509,0.8770949172051936,0.9000284700727688,0.8837788481392693,0.8404932611869561,0.8756805952359961,0.8954879848953612,-1.314358913124777,-1.412440209753242,-1.0827285993521758,-0.8800650736594471,-1.0263591330980537,-1.4129330970831937,-1.1027091343810405,-0.9265677649493638,0.003244,0.7825984578608408,6.79179179179179,717700.152438222,6.19119119119119,0.5262096774193548,0.157855,0.68111214101773,0.8387690189209777,0.4917384526107474,0.2126633234023027,-0.3871246473716624,0.0174425
10,4,3,1.8750461552835067,4.07935323253722,2.0,0.002201,0.7923839427317285,24413537.855171803,405923.4153840538,5656328.392779675,14.104004205559772,0.9498928181605755,0.8315408900126355,20.859888670710077,0.9939444073839783,0.008275500000000002,0.7257578002416196,0.764716110592506,0.7992562153321341,0.867984653319795,0.6852510825422702,0.7457631430240641,0.7885848621657843,0.8625490162743585,-2.4144435941263875,-2.072209284824662,-1.7669227734913568,-1.1625657105098446,-2.7942039482855354,-2.2452775060682177,-1.8758398012764421,-1.2187145414197325,0.0032709999999999996,0.7615401353673187,7.192192192192191,1177798.701197118,6.35135135135135,0.4899193548387097,0.1617925,0.7350298608861469,0.8448504515320655,0.5955129292247171,0.19906133767702555,-0.28564545674840003,0.015408
10,5,3,1.8654616383345703,4.1806968394342405,2.0,0.0021945000000000003,0.7607415084306823,20643663.80202902,1446871.8797643841,4527230.981919782,3.107492171385263,0.9488009382281553,0.8079184439682615,29.165423433419726,0.993749961699961,0.008156,0.7428541101457324,0.747585525796543,0.8085537327506223,0.8528713183561772,0.7475339313420744,0.7345258013211271,0.794148976355711,0.8552528061334126,-2.2637949349732964,-2.2249312028387545,-1.685776683808573,-1.2960385725105499,-2.2306600854032546,-2.3510039671486345,-1.8188737819943366,-1.2833500393200592,0.003236,0.7552003694268993,7.162162162162161,1026767.9102014855,6.261261261261261,0.5040322580645161,0.16152,0.7331549687225569,0.844190617973297,0.5718522473563905,0.20197743096814325,-0.27039176956573835,0.015571999999999999
11,1,3,1.656417356671848,2.154921352692449,2.0,0.002204,0.6417885413458788,13662183.915291078,257678.25585762557,3806177.460740187,14.641221051916798,0.8841929852858734,0.763241544084604,43.584462363217625,0.9958213016939619,0.0083015,0.8840230127537139,0.9220016970341827,0.888898642901245,0.9055626933758261,0.8976824761635005,0.9359376540267006,0.8937426442153645,0.9038351159680331,-1.0210656810878942,-0.6872340538747821,-0.977769034892225,-0.8317491553163596,-0.9053238309319749,-0.5685860090561228,-0.943369262205783,-0.8514839003813961,0.0032294999999999997,0.7556083580274273,7.03203203203203,618375.2043527407,6.17117117117117,0.5262096774193548,0.1590465,0.6520493248592113,0.8339708890662307,0.5089403264189905,0.21259383260407366,-0.2749741435436031,0.018293
11,2,3,1.9342540298852526,4.2225389333456995,2.0,0.002214,0.3695305717922258,9788536.98498349,221395.540103049,1673959.3714958979,7.579874148283089,0.8849270517269668,0.5047619156944421,21.988774116491005,0.9973501452348499,0.008269499999999999,0.9330039968408543,0.9398648482190489,0.9459261047617591,0.9429482367380775,0.9067449963066929,0.935190657465421,0.9381451501432453,0.9411047455565829,-0.5897135871700154,-0.5296984751229274,-0.4764655744631483,-0.5021842627194939,-0.8244300148022536,-0.5732606021795537,-0.546290487057191,-0.5212735376190585,0.003281,0.7704829718304782,6.89189189189189,632289.7629442405,6.101101101101101,0.534274193548387,0.1598185,0.6226246713557227,0.8309475820232183,0.4792797306643074,0.21635402212862795,-0.28133164598961885,0.020336
11,3,3,1.6280816833506289,2.1310719564049747,2.0,0.0021855,0.6789985733346129,14585947.636369132,222177.91997206875,3886316.7757769465,17.540028909992714,0.9178103426816531,0.7570384431017441,44.95070052255036,0.9946196922323367,0.0083365,0.9281872290350475,0.8841362837254413,0.9024785958524768,0.9030812944864256,0.9556849867589614,0.8665592684653709,0.8970516981240765,0.8981115941449956,-0.6323549638997523,-1.0192050460817206,-0.8587380652857539,-0.8533131647793155,-0.3930069943706478,-1.1814435363652454,-0.9133645058746818,-0.899894151890035,0.0033195,0.7568494575263173,7.03203203203203,662119.1829532033,6.21121121121121,0.5201612903225806,0.158816,0.6387521175858483,0.8304730716815204,0.4977003149504765,0.21522269022929835,-0.2795395393351358,0.0190735
11,4,3,1.6617868027883103,2.8729845434477457,2.0,0.002162,-0.00919403170108075,8082793.283106417,26626.2627376234,258906.68467219232,7.069404174209184,0.725633307199127,0.26257962248908395,27.45469146494922,0.9975668450801618,0.008258499999999998,0.9453789900285541,0.9580997386056735,0.9583375254026165,0.9530408432783743,0.9384033775914088,0.9634301029756531,0.9567178654309185,0.9508765553793781,-0.480995007841849,-0.3689718911782709,-0.36656854059311694,-0.4136291083984194,-0.5461910964501309,-0.3236316871490912,-0.38278954853226116,-0.4332532534140343,0.003223,0.7724826360645538,6.841841841841841,589889.6425508494,6.11111111111111,0.5282258064516129,0.156779,0.6099588640379073,0.8270659082124039,0.4526407816687736,0.2222154587874688,-0.32134244797346867,0.019094
11,5,3,1.698111533985115,3.1553775266961557,2.0,0.0021444999999999997,0.0294288142226692,8321832.576023819,58177.91944498917,560709.2061579821,10.48649878293326,0.5702319840695167,0.48426515649545926,77.54360733711455,0.9977137697636222,0.0081725,0.9657785568930459,0.9061778793212483,0.9065097274888871,0.9199044809644179,0.9892502124562044,0.9073868248084886,0.9109430341842905,0.921279967739904,-0.30120324084151745,-0.8264359216562358,-0.8230832227355727,-0.705447697802108,-0.09533759462675025,-0.8205621975716788,-0.7906258355787283,-0.6981879404828728,0.003153,0.7839304610147758,6.841841841841841,617718.7597338489,6.13113113113113,0.5241935483870968,0.157437,0.6019938825419529,0.8317456268142784,0.4577357504785998,0.21320845933185875,-0.3588952071898931,0.019413
12,1,3,6.778337533969204,54.27590631071062,5.0,0.0022375,0.21074341845306385,623338802.677562,38154588.164038636,228046466.2311746,5.282444739202643,0.4526696310257482,0.2592860348891034,8.14085116456226,0.6837969206722074,0.008251999999999999,0.5301997230960818,0.6158500193850316,0.6944231461615904,0.7972812846293389,0.5174882718514482,0.5961723594681281,0.668918018952704,0.7873423649328939,-4.139688592790407,-3.380114940167668,-2.692610149358463,-1.7853439546979306,-4.273144248930956,-3.573305739737954,-2.9315015327051244,-1.8833812917358115,0.0032725000000000002,0.7611759310066237,9.584584584584587,4916903.577628021,7.142142142142141,0.49798387096774194,0.167752,0.8566904384209557,0.8673514526128632,0.6450708040777279,0.18636224906107784,-0.14379816039434384,0.013384
12,2,3,3.963889748851319,17.857318012556686,4.0,0.002188,0.48487678534569534,765780917.4700885,80639276.18097463,242869343.35627776,2.803970407950376,0.7724820863958353,0.558631722917518,7.902583574766847,0.9199051945005954,0.0082485,0.4935940986902163,0.5771119687809383,0.663299843196553,0.8019680945461825,0.4873987709999257,0.5670899477102329,0.6484744026297533,0.7972108845050052,-4.461569388066323,-3.722300354796463,-2.963668410446007,-1.741972438882383,-4.549903703218513,-3.8331110388965746,-3.1209570005160523,-1.7872970805526123,0.0031964999999999997,0.691978977013342,9.174174174174174,10112991.381550616,7.692692692692692,0.4879032258064516,0.16880699999999998,0.8457204716579423,0.8631949104033152,0.6444618131197355,0.19238484341037349,-0.2333105506057669,0.013427000000000001
12,3,3,5.174770123368338,33.4878477438523,4.0,0.002212,0.3623004930499498,1747465829.2236638,135778152.9777981,682159061.106369,5.160582076250455,0.6416175887977137,0.43625115904035916,12.852474057365693,0.836577859225683,0.0081855,0.5161799377079459,0.602793764283404,0.6844664958666759,0.8078944987312646,0.5306808751348657,0.5861115244202124,0.6729372687954975,0.8036464981114841,-4.259116180467405,-3.498326863569269,-2.7760365181412063,-1.6924894571644646,-4.1445565484669675,-3.670068586208506,-2.8860845974016005,-1.739201908659192,0.003279,0.6750119153894979,9.724724724724723,7453034.781358823,7.872872872872874,0.4919354838709677,0.1717485,0.8357382725677517,0.8641661852622986,0.6382240205728953,0.1895130080241638,-0.21133399447695256,0.013608499999999999
12,4,3,5.1375473408584735,33.1909203079648,4.0,0.0022075000000000003,0.26546733002800754,951639179.5175601,19203929.257415604,336174878.3703455,23.30140402530651,0.4721658219826643,0.3546493368235057,9.540103573922824,0.7405979690953486,0.008182,0.4557606274339949,0.5782023801254437,0.663180864322678,0.7836841496915941,0.447141722670352,0.5780962954363305,0.6586527327564969,0.7818907040299417,-4.792702686812847,-3.712214615106352,-2.965854879293196,-1.905220794421575,-4.879502220903829,-3.7467902619025732,-3.028149986879961,-1.9287359574573908,0.0031875000000000002,0.7022234469036368,9.464464464464463,6267754.6854797825,7.792792792792791,0.49395161290322576,0.16906,0.8538255613904714,0.8629658289567512,0.6494751882330869,0.19031508991585339,-0.21501907164146417,0.013278000000000002
12,5,3,6.314067804923903,50.011336417082646,5.0,0.0022145000000000003,0.2000537244854935,393142349.02710366,9838710.579955429,154357912.34559107,19.716406971461467,0.4113261941519981,0.30370630681877836,17.21852556383002,0.7297624829800929,0.0082235,0.6083451178114878,0.642746010836408,0.6953828830483093,0.7905328562699303,0.5963457688905409,0.605448661324844,0.6663251560023562,0.7657756393333379,-3.4497128186672685,-3.1426059920805294,-2.683818104244249,-1.8441886835746404,-3.5765086816471534,-3.4965302014433304,-2.9477785731169353,-2.0742871590463965,0.003253,0.7500875577735295,9.254254254254256,4916903.577628021,7.152152152152151,0.5362903225806451,0.16789199999999999,0.8591230303164574,0.8662751216886543,0.6355813414440088,0.18885396579662717,-0.17022582484771792,0.013655
13,1,3,0.29997028461435526,-0.38657797818467676,1.0,0.0020800000000000003,0.7380072134074129,1585.9618392109032,19.53876967031841,126.58750777714188,6.592309608432965,0.8497966735520324,0.8708496455949768,4.091693030334819,0.9900015964792386,0.007974499999999999,0.533625054331913,0.6277388623715997,0.6977418637557711,0.80482283824856,0.5366890118548283,0.6014959926179291,0.6809341126179069,0.7956304223004972,-4.106478647285918,-3.279707064194628,-2.6588791103747376,-1.7193034165158947,-4.104443665747136,-3.5299368552123065,-2.8289347098525077,-1.8092550198829511,0.003155,0.8214953416693627,2.4074074074074074,50.95279156493116,1.9169169169169171,0.4919354838709677,0.12438350000000001,0.8514916669037496,0.8653777599265897,0.6306169869671094,0.1908181634336863,-0.38602788920446995,0.0128845
13,2,3,-0.0652656087562496,-0.3922583005919573,1.0,0.0021485000000000002,0.8255862861221516,1600.9595189584147,41.666188029499594,113.7085363614783,2.7500046826262112,0.9047018559507708,0.910165966379088,3.2778770032744324,0.995095835411,0.0081505,0.48523665677591193,0.5896645383235467,0.6743581523479809,0.7992264931984743,0.48907237088177646,0.5735409258672619,0.6555333774939031,0.7910172717493076,-4.532456245783909,-3.6138362152768737,-2.8668541731194788,-1.766467630874879,-4.523083833888514,-3.785797917192939,-3.039318123909136,-1.8438645147995985,0.0032335000000000003,0.8172548523886809,2.3273273273273274,44.324785912404,1.8468468468468469,0.49395161290322576,0.1274885,0.8573060690920546,0.8690917964709826,0.666344450327392,0.1814561246738213,-0.37827173977499007,0.0133465
13,3,3,0.0958408600038213,-0.6389519982567771,1.0,0.002137,0.957221274339026,1881.5367026191675,12.740628032105876,200.60067597644914,15.505998938287409,0.9748596879538257,0.9771233058851447,2.979619308537455,0.998149915298393,0.0081915,0.5171337005648208,0.6527669762913746,0.726475198338146,0.8230586944593776,0.518473454367235,0.6244973196535563,0.715470108005668,0.8120214193335775,-4.25354204629086,-3.0557552026501362,-2.4078322571344137,-1.5580849824545484,-4.261678865199381,-3.3254821637311194,-2.519112330853565,-1.6621968772014806,0.003224,0.8208436067855047,2.427427427427427,64.09244019356457,1.9769769769769772,0.4838709677419355,0.1298665,0.824202202054899,0.8628554417638894,0.6555684120801293,0.19080609977599575,-0.3658651620364082,0.0134705
13,4,3,0.40918059272717167,-0.31003877293697046,1.0,0.00215,0.5713368825442054,2326.1096591360683,13.704573566823731,95.53763429357235,7.59086040853049,0.8139888487422224,0.7488376452609536,2.5194603811124683,0.9861163683642441,0.0081405,0.495986564937631,0.6334113634302432,0.6959595277775401,0.7988998422587377,0.49338637854773626,0.610245955470456,0.6765064517721231,0.7869585364719061,-4.4394998573312465,-3.2294702173358885,-2.6778135572079074,-1.7708273914492234,-4.4854316852463505,-3.4520520479102146,-2.8626507505994674,-1.8863312320616121,0.003261,0.8282807718204694,2.4074074074074074,47.609469308443785,1.9169169169169171,0.5080645161290323,0.1275945,0.8552471008975081,0.8693074261543067,0.6336166659277065,0.18700628225572408,-0.4021039510554508,0.013850000000000001
13,5,3,0.2863359735265697,-0.16882138580404527,1.0,0.0021904999999999997,0.2694750769655515,1399.6245583098516,14.925006096978063,56.71961125156492,3.7336396847435664,0.6843528775572738,0.5719869957382828,2.0092099227301166,0.979102044996216,0.008196499999999999,0.5479832850055578,0.61691086454492,0.7133168838038408,0.8063948179228658,0.5195223997865552,0.6059543029236653,0.689167378730213,0.7884034668765614,-3.9804995655759177,-3.3698124913249488,-2.522233443693156,-1.7061243151208427,-4.2435341001038065,-3.487205805707115,-2.7515769102249976,-1.872931618262614,0.003189,0.8273779472205948,2.3673673673673674,46.41588833612782,1.8868868868868869,0.5120967741935484,0.12795499999999999,0.863527876166827,0.8691557589930075,0.6394311582296432,0.18899966214860203,-0.4451310724266553,0.0137725
14,1,3,2.5232972487982925,7.892805934399997,3.0,0.0021910000000000002,0.6675953799082125,120.52251179014074,22.245381400566522,42.68483899499411,1.9211274788693329,0.918886212173863,0.7066472057786128,4.258344562568412,0.9781920424589844,0.008131,0.4835021005288187,0.5967316018665081,0.7033302700786638,0.8271681450213566,0.46004322219351906,0.5780033068079125,0.6794477589889263,0.8161535197317978,-4.546789312666031,-3.5526510236458786,-2.6117923322521013,-1.5222740923333902,-4.78044451538303,-3.734100106104429,-2.839907161800866,-1.6313379019660599,0.0032345000000000004,0.7145519866656329,2.247247247247247,4.175480635953431,1.1061061061061055,0.4959677419354839,0.125501,0.836797750509154,0.8634813894247247,0.6419895062461591,0.1940931963274959,-0.25601660252018005,0.013295
14,2,3,2.3808253184707246,6.752463889524758,3.0,0.0021715,0.647132678478756,-29.377032634765122,1.2889599053672236,40.61910810732905,30.740683901745463,0.8790121930375929,0.7357477974021756,21.9064056517925,0.9872995677509032,0.008177,0.4735601021371808,0.5863369535308082,0.7018243059848521,0.800279874767654,0.47463097590248016,0.5719698203756558,0.6794404188965366,0.7968655152926218,-4.634021816808164,-3.6439347190473907,-2.6270111539260705,-1.7590003345536798,-4.651519434331527,-3.799491077265181,-2.8379524437926484,-1.7975879070066676,0.0032240000000000003,0.720262666837515,2.167167167167167,3.2781654228302894,1.0660660660660657,0.4959677419354839,0.124942,0.8513414262590561,0.863489971438377,0.6517450402214445,0.18897198095178563,-0.26001127263898005,0.0132175
14,3,3,2.4000621096118975,6.316106143951518,3.0,0.002165,0.46576696741540075,148.00472156534244,0.6346435881250303,17.30533198917199,27.170096951220515,0.6711035024269616,0.7258982300069596,26.8798243554414,0.9826331778295725,0.0081295,0.4849011125078724,0.5989994189987763,0.6900000476340632,0.8123773830754175,0.4672449680865618,0.589247989660926,0.6761589733316504,0.7988418947787508,-4.537862213249425,-3.533009520450045,-2.731356346526356,-1.6523926418294654,-4.717938143883928,-3.6427354369614333,-2.8672705964521015,-1.7831760762378916,0.003199,0.7675934309089196,1.8568568568568566,2.603339243239814,0.8358358358358354,0.5080645161290323,0.1228145,0.864586672514843,0.8698247869963238,0.6473815492063381,0.18478296651207565,-0.3067583932857797,0.0136125
14,4,3,2.631634636564338,8.977565858713541,3.0,0.0021720000000000003,0.0569704298691827,92.88561451646353,0.38233539148847845,3.937447605601771,9.049863154227939,0.5165030489882425,0.3561123620897161,27.119851130144426,0.9086151988147306,0.008139500000000001,0.513141558350122,0.6140200218244454,0.6920148598451177,0.8209328199470867,0.4799206136164895,0.6035471376599779,0.672700516637003,0.8047037576745648,-4.285357617956718,-3.3994854852048317,-2.711621285169323,-1.5773370598527916,-4.595326431307814,-3.519119564682846,-2.8997042538209286,-1.7295406590015685,0.0032005000000000002,0.7853466712056192,1.7467467467467466,2.757568400579075,0.7857857857857854,0.530241935483871,0.12252099999999999,0.863535585966215,0.8682414183981686,0.6358279386070286,0.18950561244731196,-0.3543681127081233,0.013506
14,5,3,2.962385720330545,12.165894194391221,4.0,0.0021815000000000003,0.4523888296044828,46.79759605737799,3.4314751413381885,19.38547353067497,5.932653410775752,0.7697556230010307,0.5797451254830791,6.768699759909618,0.936879753073389,0.0081705,0.5016375824436003,0.6115799875689212,0.6941683441936379,0.8154468741975539,0.5318606834337467,0.598540616463348,0.6785192052805418,0.8052860325501059,-4.383969448713725,-3.4206699275400188,-2.6920853877131083,-1.626196518480591,-4.138901021461612,-3.552362801103888,-2.8537041874365707,-1.7242460606262533,0.0032235,0.7706142312521773,1.966966966966967,4.127917084700188,0.9359359359359356,0.5100806451612903,0.122613,0.8494135500115145,0.8626487551134886,0.6486184343376296,0.19001233721795904,-0.2931968296066816,0.0135025
15,1,4,2.203142082636804,5.082681165449598,3.0,0.002176,0.5437234949738823,2067.8474048845987,13.395725788161547,269.6436300364889,20.37636606491936,0.7102844608684238,0.713102621238719,8.651220712611616,0.942839352532667,0.008173,0.4996356551764428,0.6047198000758369,0.6732644137009487,0.7947401943406422,0.4826457065244004,0.606223277282222,0.6671115617463375,0.7888801815424542,-4.408672401641484,-3.4831122748298213,-2.87836766198922,-1.8072160748394697,-4.599818568530803,-3.5010817779983086,-2.9474730298710607,-1.8641647446377565,0.0031865,0.7666760049420076,3.0080080080080087,31.44371917575794,1.8568568568568566,0.49395161290322576,0.12915949999999998,0.8519331221879163,0.8672957408645592,0.6505100785232228,0.1869437690288632,-0.30805560150679,0.0136925
15,2,4,1.2852155588885525,2.2644411838991005,2.0,0.0021735,0.5385310294560272,461.08698992251783,10.89150248366338,34.70115160133058,3.4091104842672992,0.7492978894850066,0.7408449909150574,2.815807005065074,0.966780321864161,0.008132,0.5395600568811609,0.5934749615543016,0.6653436899660757,0.7873669123437517,0.5277652779434547,0.5825046801727866,0.6651623409157789,0.7836912105662173,-4.054310021214862,-3.578925891368656,-2.9463762163359113,-1.8720841808491326,-4.180339365958828,-3.6931455199652587,-2.965579445695231,-1.9085217311244125,0.0032425,0.8098754531123007,2.1871871871871877,16.835508029612008,1.4964964964964966,0.5241935483870968,0.1270855,0.850699531562267,0.8634903817863571,0.6321062054055957,0.19415271673325707,-0.37506540194423565,0.014036
15,3,4,1.6877827757215222,4.68390650860726,3.0,0.0021495,0.3846561340677145,316.57093442166257,7.714013030160136,28.496238620415838,3.486267634773104,0.5727647829752706,0.6797081959924718,3.116911098002544,0.9356745634745548,0.0081735,0.5291155022615144,0.6026407507961609,0.6819327591873842,0.7848397863699947,0.5346837285896153,0.5921655653176878,0.6721022724305952,0.7771736715722513,-4.144852105376427,-3.498717284999872,-2.799709613584941,-1.8947119330710267,-4.116978093365407,-3.6079588649168164,-2.89994627039919,-1.9735336210097598,0.0032224999999999997,0.8195154673149189,2.267267267267267,15.352750287804213,1.4464464464464466,0.5262096774193548,0.1252355,0.8586110466492882,0.8667956672050054,0.6217518332361045,0.1938997972735615,-0.39304717905725534,0.0145635
15,4,4,3.3643474192638703,15.777563004793532,4.0,0.002181,0.38387239093799974,529.0600656420802,6.932431090349918,73.52548158330185,9.216841782050562,0.6141702405367823,0.554813060307131,5.241649628245553,0.8526770638952013,0.0081225,0.5314368417874068,0.5740424708054657,0.6568474751932938,0.7885402706154703,0.5110514818686334,0.564105801828201,0.6455675316301221,0.7809307759711787,-4.12109815314293,-3.750735951959773,-3.021307412902886,-1.8624642380899306,-4.33095281481573,-3.857135710205849,-3.134615562407513,-1.9449502953833369,0.0032105,0.7905211516800101,2.7577577577577577,17.648488746428733,1.576576576576577,0.5141129032258065,0.1275215,0.853082083028927,0.8649718876079395,0.6304992641612868,0.18845297498516306,-0.311921650509687,0.013881000000000001
15,5,4,2.0273555165656,5.988912180620085,3.0,0.002169,0.30843361523128887,236.463322604778,4.866752861562409,33.73209323436129,7.417710043256289,0.4965652648037139,0.682197367142687,3.4680693135968426,0.9339063961510081,0.0081555,0.5375760307977568,0.6234593740741563,0.672698562098364,0.7828202006177558,0.5012132116819586,0.5874915193029079,0.6644309961945408,0.7754835491022769,-4.072737484189961,-3.3159171458574197,-2.882791521881662,-1.912773906440874,-4.4174792012028545,-3.6631823108470587,-2.9718246939580366,-1.9864504174481477,0.003254,0.8175288123910843,2.267267267267267,16.456276123175115,1.4764764764764766,0.530241935483871,0.12795800000000002,0.8629157504012175,0.8624055863998562,0.6219175848539868,0.1929048854867395,-0.38982524054940165,0.014201499999999999
16,1,4,0.9832924815889619,1.3762446585664052,2.0,0.002163,-0.00751755885013165,160.1285109360981,0.06676830990891941,1.2415879302402795,11.574709525221913,-0.0086719132306409,-0.0142377998195354,14.840131790014361,-0.018746813848081502,0.008199,0.982985402736199,1.0063065594041767,1.0023072090701337,1.003999200312423,0.9801239063848903,1.0282131405844996,1.0064247342805213,1.0026244089013536,-0.14948784767577816,0.05546767444667375,0.0203286361118113,0.035224548711439305,-0.1760445069600935,0.25056645901369107,0.057027636292637796,0.02323902190086085,0.0032415,0.869575235879829,1.9269269269269271,8.829699955494084,1.1861861861861855,0.6774193548387096,0.12495600000000001,0.521891366454768,0.7819161810606867,0.4110681762443503,0.25222497072020145,-0.5534378587799005,0.02444
16,2,4,0.915287070400255,0.8839371505913307,2.0,0.0021685000000000003,-0.0049046623141331,-268.8822383425463,0.16920094230862365,1.435166654943905,9.16038124831866,-0.00046237353166969994,-0.012815264927862849,15.863292897415942,0.00779246837001755,0.008149,0.9435011052734522,0.9949703705870395,1.011801221951043,1.007519860574448,0.9850153370557031,1.0051525489798987,1.0141554583376502,1.0067554089846196,-0.4970321743554029,-0.04429372841447065,0.1039810072234006,0.0662302134564649,-0.13316624078876502,0.04562955814126995,0.1255059389307158,0.059762085170818,0.0032445,0.8642706174489877,1.8868868868868869,8.431909292866251,1.1661661661661658,0.6774193548387096,0.126068,0.5219118995324841,0.783729873748003,0.4258811801811955,0.25149965453911627,-0.5656272322431173,0.0252685
16,3,4,0.9261853330592668,0.8892557564671129,2.0,0.0021650000000000003,-0.0005991297253306001,187.56513299812468,0.1887637197696342,1.6787258860224,6.095282353452866,0.00890535926172995,-0.0044382870771819995,7.111185550681007,-0.00778866239499785,0.008202500000000001,0.9718469643101988,1.0058042461150802,0.9975817430124732,0.9978384619011664,0.9978197706855236,1.0067846283456456,1.0061664503910412,0.9986587267811026,-0.24793581766529552,0.0511395559172624,-0.0212998082227696,-0.0190478198591472,-0.019231202388477954,0.060083402399588856,0.05466989499176385,-0.01187308724422475,0.003256,0.8696747727963907,1.9069069069069071,8.431909292866251,1.2062062062062056,0.6713709677419355,0.124526,0.5275476498032748,0.7816440995323807,0.38581254091043093,0.2529884539932796,-0.5658188768327195,0.0239785
16,4,4,0.9857360781816296,1.0556246850768396,2.0,0.0021295,-0.00433530743896785,-430.38320600192554,0.160719826295812,1.3411412248737156,9.56192442707671,-0.0056334787450705495,-0.0106438753830506,10.312665915106997,-0.02909711734563065,0.0080745,0.9683533237738963,0.9626060661098608,0.9834506563392229,1.0019537358276254,0.985088791832579,0.9699284782918953,0.9902798251526514,1.0001578025600133,-0.27874493627380126,-0.3291000531890189,-0.14568022568472827,0.01719028517071305,-0.13211502839366765,-0.26684240086040845,-0.08601726489374509,0.0013752890041045496,0.003227,0.861659849105269,1.9269269269269271,8.431909292866251,1.1861861861861855,0.6653225806451613,0.1241955,0.5266737215345891,0.781947930066792,0.3802202323779018,0.25369235909652843,-0.5610636077854809,0.0239495
16,5,4,0.9461044188619026,0.7934954074060749,1.5,0.002143,-0.00352689497451805,31.087426397259584,0.26722892673457277,1.4488600874006203,5.283887189718941,-0.0009129953344745499,-0.0052004317996313006,10.298876856993743,-0.00978150196996605,0.00814,0.9891965484009713,0.9945033950407474,0.9994141291169849,0.9917639005566843,1.0130460901437974,0.9848622815418167,0.9873273751759302,0.9902367931515428,-0.09513642604260131,-0.04840627854948295,-0.005168688090470199,-0.0725392566574365,0.11560797910791724,-0.1339559502270288,-0.11217056920097421,-0.08639088906476905,0.003205,0.8694603189692631,1.9069069069069071,8.829699955494084,1.1861861861861855,0.6612903225806451,0.124534,0.5358632234309735,0.7871875927336744,0.413672950579803,0.24925725221441114,-0.5590753320021039,0.0244505
17,1,4,2.6677495956459545,8.50932673737976,3.0,0.002177,0.5224892179715555,45.701366388602196,0.3396980605613853,19.18236325770847,53.28314846414999,0.6509471244608604,0.7212144097979083,51.7740791791893,0.9157116168698654,0.008152,0.5753241984950451,0.6839023814359124,0.7302259636040491,0.8354003879145517,0.5653431596048051,0.6628638751571834,0.7098048385702211,0.8214156750669787,-3.740590491837147,-2.784375448601558,-2.3762349054508456,-1.448990623781766,-3.85577449655395,-2.9882179799860404,-2.5722779342754887,-1.583629571637251,0.0031865,0.7826275149269275,1.9369369369369371,1.679674872092653,0.5655655655655653,0.5665322580645162,0.122267,0.753065035345828,0.8404876976258662,0.5456368577059979,0.2109797503581888,-0.26103564671591567,0.017142499999999998
17,2,4,2.905529801388156,10.213698841301852,3.0,0.0021335,0.29900283650254833,46.819468478853345,0.3731791382800927,4.057954792859266,11.508463637797334,0.5085177106751056,0.45034046198725886,3.3485026526008386,0.763375911234175,0.0080005,0.5976552705549638,0.6504534459163036,0.7236918226092174,0.8271838759713122,0.5691956104686708,0.6446512114374678,0.6996451127903778,0.813255227664924,-3.5435453194189774,-3.080881835432423,-2.4328272364614323,-1.5211686248659806,-3.8149989242064954,-3.147842065008012,-2.6644312128034575,-1.657488967140997,0.0031915,0.8297146713247552,1.4964964964964966,1.3038585066127686,0.4254254254254251,0.6048387096774194,0.11979,0.7494184134937776,0.8437399317470127,0.5342922999824224,0.20975518081422628,-0.31515957427072006,0.016037000000000003
17,3,4,5.202723177512869,34.285437804040384,4.0,0.0021935,0.29318513913193234,307.48953769920195,0.4024926653491384,5.009597889664464,11.73043695794713,0.554022411442318,0.3776358190632646,5.965473196728114,0.7588438394832034,0.008192000000000001,0.6014913413799028,0.6814371044478219,0.7304957629455653,0.8291430900544159,0.5918293392738335,0.6683532283866327,0.7105775548229196,0.8149599769739705,-3.5094007807659526,-2.802388429514555,-2.373213010384376,-1.5049444342661737,-3.6136957466121897,-2.94120641371395,-2.566070063334683,-1.64107141292053,0.003208,0.8239945725026534,1.7167167167167168,1.4627333562011298,0.4854854854854853,0.6088709677419355,0.121673,0.720032845846662,0.8360117347570144,0.5379350977980615,0.2110611953581154,-0.24307291178866205,0.017186
17,4,4,2.8775311466182907,10.31178299034461,4.0,0.00217,0.4923104222813142,112.08269758508172,2.2335516106997737,13.03815184363977,5.747218839567485,0.6703863817684479,0.6000866263289182,7.4643034365579215,0.8731581718313619,0.008182,0.5496829947802797,0.6580570514748816,0.71418631045216,0.8218670190524988,0.5434824248676533,0.6491296378673956,0.7027006257570678,0.8108721011925116,-3.9661564895100527,-3.0111956077139546,-2.518240448151073,-1.5697562022085791,-4.034069809604007,-3.101553930760321,-2.628064063554536,-1.6766337887978011,0.0032565,0.7829580536242942,1.9769769769769772,3.353710152002929,0.8858858858858855,0.5705645161290323,0.123309,0.761380479335497,0.8431718912278983,0.5427758731712178,0.20699828493906855,-0.29989360641776697,0.015431
17,5,4,2.053965944351531,7.36399620512386,3.0,0.0021555000000000003,0.31150112362088567,-125.06458600844935,0.0924793317945905,1.6657394277601139,17.626788578493723,0.4284262814634713,0.49851886455807415,3.2447433942884443,0.6881333297341545,0.008177,0.5711339040669263,0.6481848858054119,0.7319405012587437,0.8299830509425159,0.56777128548659,0.6339921614344437,0.7166126669243442,0.8227379651412761,-3.7761228752010028,-3.0960298127767216,-2.359407521613789,-1.4966428624027563,-3.8289753587583837,-3.2349088337100813,-2.5196075798447746,-1.5736750666831516,0.003197,0.8520416947973517,1.1661661661661658,1.333905690039059,0.3653653653653652,0.6189516129032258,0.1186365,0.7306071617727513,0.8316430409346418,0.5279377131451279,0.21763430611979295,-0.4209886846547426,0.017260499999999998
18,1,4,2.8491228546655734,10.221873693047986,3.5,0.0021704999999999997,0.4909638810469323,212.84628786611196,1.6875433125869082,64.57476688267664,38.782879997168095,0.6294852080674949,0.6724422645757862,40.20040494111811,0.888414419743836,0.008161499999999999,0.5932678046687903,0.6859181616208225,0.7485103835035047,0.8434536532350538,0.5675894416829346,0.6613221005138925,0.7418203251484619,0.8306316385005321,-3.582625752674115,-2.765736344900713,-2.214488082294332,-1.3788529617794145,-3.8264381319529734,-3.0020301774383835,-2.2858463519570025,-1.498812563224862,0.003177,0.7977028106755745,2.5275275275275275,7.433375369422636,1.2062062062062056,0.5846774193548387,0.125397,0.738038992022635,0.8367983414448055,0.5361781173892207,0.21298632050376698,-0.2652639626169365,0.0167715
18,2,4,2.9185683930151267,10.8209098458208,3.5,0.002163,0.2677761996794886,142.19046468396198,1.7477964276436202,18.062622919406934,11.183288848500775,0.509927205571021,0.4247560743746569,3.2847016340784467,0.7701233895982503,0.0081605,0.625291905717202,0.7457351698375774,0.7626226552849578,0.8380736349315472,0.6160754383817747,0.705369034038149,0.730207843278873,0.8259540022603362,-3.3007561197729034,-2.2412339256214295,-2.090895072655001,-1.4256568992335539,-3.413489691646819,-2.6072586498278785,-2.392907648108655,-1.5382893305955827,0.0031444999999999997,0.833147352133591,2.1471471471471477,6.545324241705076,1.1261261261261255,0.594758064516129,0.12405,0.7182668074326319,0.8388308505392916,0.5275017146938178,0.20783003813864215,-0.3244329620616009,0.016614
18,3,4,5.10721855209101,33.37410636523976,4.0,0.002222,0.3174844730359212,434.11032272628165,1.9628021050830715,29.067053324686206,14.098561360677945,0.5904711979832621,0.42338095641154816,4.660853617837098,0.7636059134826843,0.008307499999999999,0.602215602617567,0.705577748254455,0.7502207832536187,0.828355852220829,0.5866370994819802,0.6681130926396825,0.7370586017866809,0.8188982148296151,-3.5052428478500977,-2.595028144629481,-2.200462072270682,-1.5118702469909358,-3.6565624946187487,-2.9397453027632787,-2.3344655154597462,-1.6063159201634019,0.0033375,0.8120978712469318,2.3973973973973974,7.177467018086967,1.1561561561561557,0.5766129032258065,0.127358,0.7242666977118397,0.8414975740166017,0.5391585004908617,0.20790962804716384,-0.24463209881727685,0.0175025
18,4,4,3.2418176870831434,14.022702699764421,4.0,0.002166,0.42824208372146944,390.22495265567943,15.538952672684935,61.30792919796208,3.9806052459419177,0.6347241863159929,0.5297693017253704,15.858416190288311,0.8443753900329731,0.008140999999999999,0.5138443383857649,0.6638607827291789,0.7303208545987541,0.8286662532242106,0.5252118626998232,0.6358236678442255,0.7147224145519356,0.8172525063145524,-4.282832277137018,-2.962210554621633,-2.3730706307044684,-1.5088439464870294,-4.200251388115899,-3.2167845345248165,-2.519327434329335,-1.6193981662604937,0.0031675,0.7795391364301627,2.687687687687687,15.179834425970617,1.556556556556557,0.5665322580645162,0.1275,0.7576543555167199,0.8414583868732451,0.5526719105269796,0.2110385967689024,-0.2829743833649851,0.015868
18,5,4,1.4668114712778129,3.895370873516563,2.0,0.002145,0.2799524685972651,-53.338727196346554,0.8130132395440007,5.818621392753452,7.390390133818745,0.32589661424963573,0.4844756488741771,6.454615596305647,0.6075860534252382,0.008083,0.592236944606809,0.6775538958285434,0.7218095502379639,0.8462358754830759,0.5606296393216195,0.667271796468252,0.7086519541937721,0.8342520983130667,-3.5904044811085543,-2.837490640020195,-2.447120910620619,-1.3539324371366894,-3.9009962408904273,-2.939357927478982,-2.577035776516153,-1.4660209340596322,0.003201,0.8552271388048476,1.7767767767767766,6.250447985394486,1.0060060060060056,0.6149193548387097,0.122684,0.714952149418042,0.8319936931451171,0.5123359788036006,0.21507203052969143,-0.4781185368198403,0.0182675
19,1,4,2.059840408493968,5.503510513962913,3.0,0.0021574999999999997,0.0799169744034405,-45.55527646995357,0.345610197969913,3.5505687629796596,8.424290047823668,0.30452746749656445,0.5738532596177135,1.9885470455182408,0.8578907025820968,0.008081,0.6479126366152272,0.6898751158235858,0.7127542707840442,0.78620534553634,0.6283361516869262,0.6726504990723075,0.6763424158903641,0.7709433499264084,-3.100522198136775,-2.732844893537619,-2.5293346386877316,-1.8806723078845642,-3.295369022031047,-2.885096764948747,-2.8640990761364025,-2.027779777968289,0.0032005000000000002,0.8105854562007979,1.676676676676677,3.5947683160258794,0.8658658658658654,0.5604838709677419,0.122192,0.8125758959365064,0.8621853204909209,0.5726138053642804,0.19402523935456634,-0.4036561589773978,0.0152125
19,2,4,1.8322268921201916,4.16855848950544,3.0,0.0021774999999999997,0.06787476069082884,127.97036062349258,0.3461069065333081,3.7302126494746606,10.083074395910486,0.3179686062091184,0.5857559029699287,2.001851500222642,0.892689824368987,0.0081595,0.6250693620809145,0.6876971633219682,0.7099886043717254,0.7896229193846729,0.5989053010624509,0.6655572516859416,0.6871100117120601,0.7721729132816851,-3.3008073960379085,-2.7501485382126734,-2.5538135799701913,-1.852867562788664,-3.553230848066506,-2.964806778260869,-2.767872635121818,-2.0207825547236737,0.0032129999999999997,0.7989382181877769,1.656656656656657,3.5947683160258794,0.8458458458458454,0.5524193548387096,0.122379,0.817755111699773,0.8618128572882005,0.5791212507872969,0.19549215191874947,-0.40512883605992045,0.015278
19,3,4,1.9427074952465602,5.100072057166884,2.5,0.002162,0.0684640645081752,269.1672563315178,0.5820449782316457,2.939275210835675,5.069457194392161,0.24006122131681046,0.6286171358935948,3.509509477708601,0.8695472147569234,0.0080555,0.6468297058965848,0.6777853346092051,0.7108718664072228,0.7795453029469921,0.6248735011229736,0.652264054973885,0.6925066692474444,0.768955488785952,-3.1100020244930833,-2.836426437731553,-2.546351999090198,-1.9407826191373951,-3.3036451636747057,-3.0663503603404623,-2.722018548884801,-2.044940479428946,0.0032164999999999997,0.8237152567299539,1.666666666666667,3.4328188412268283,0.8658658658658654,0.5524193548387096,0.1227605,0.8132715317660681,0.8611645216549186,0.5687942028842569,0.2004689186098814,-0.42822106860295245,0.015614
19,4,4,1.9112223191801911,4.283473835008502,2.0,0.0021835,0.0557699414360861,-2.071094517766139,0.5031983079991184,2.9031608295569606,5.013996677695577,0.30418098666079596,0.553037089719556,1.7524448884380823,0.8542737798788387,0.008217,0.6786655530185807,0.7181579658981081,0.7442252912143796,0.7996336361047229,0.6516893152784855,0.6531113490937599,0.7097314591914088,0.7781506664770335,-2.831329986595383,-2.478878059696353,-2.2513889448789643,-1.7640969111892635,-3.084973070310019,-3.069249146904795,-2.5770543205001646,-1.9636278401074265,0.0032890000000000003,0.7999126624575328,1.666666666666667,3.353710152002929,0.8458458458458454,0.5625,0.12364649999999999,0.8015492785661107,0.857965897772042,0.5675482986617522,0.20100636739794536,-0.40315811977259974,0.016280000000000003
19,5,4,2.183106307320686,6.46825459467484,3.0,0.0021955000000000004,0.0382393689516828,-554.436448087224,0.3294513304893336,3.110959241747607,9.454235723238073,0.24476105479215976,0.5547295545687214,3.8963927589750074,0.8002141033285812,0.0082325,0.6218619305745081,0.6716707185332984,0.7124524476722576,0.7847995625004487,0.5993009022188465,0.6450660870483245,0.6921232411224751,0.7703589448008621,-3.3307662005982817,-2.890646611630059,-2.5331701210874225,-1.8950130562672896,-3.534843816332511,-3.1410793492224087,-2.727288552987315,-2.0255452764752864,0.0032865000000000004,0.8048446189682947,1.7067067067067068,3.4723731858387783,0.8858858858858855,0.5463709677419355,0.1239655,0.8035350322000394,0.8590915764801936,0.5766807764255921,0.19844417665839503,-0.386494403336305,0.0163985
20,1,5,1.3810598652827166,1.7508358390923258,2.0,0.00219,0.656352220196946,58553.86352939447,484.80255497201733,12230.847083662502,25.871927996160114,0.7429684857725896,0.9149935319055108,27.308783012484817,0.998789260604021,0.0081995,0.5113527806702516,0.6023924636657785,0.6869928005864714,0.794629011031537,0.4789791860672814,0.587472636725254,0.6712151417489176,0.7801520091663974,-4.301194507468683,-3.500451787471714,-2.7566553506140057,-1.8080753929907054,-4.607930554270064,-3.6593747118224504,-2.904111590806197,-1.9412887040461981,0.003308,0.7930587941094711,4.55955955955956,2940.8201705870665,3.778778778778779,0.5120967741935484,0.1435745,0.8613762972694632,0.8667827547491399,0.6459358929561894,0.18740747302089364,-0.3444271132508946,0.013902999999999999
20,2,5,1.4584881798709088,1.9704363293090337,1.5,0.0021935,0.6670084736308249,60112.20250517087,509.94518996832835,12364.353395193271,24.024238244063035,0.7371623933322765,0.9172343067697344,21.339036914464124,0.9988811383782479,0.008216999999999999,0.5430346093331931,0.6448780236708584,0.6959360156390726,0.8008923987988925,0.5352894449055129,0.6225181851405572,0.6783933073452479,0.7948828171174949,-4.024297984244884,-3.1292483621059266,-2.6778923715791625,-1.7538000908388343,-4.122309227948712,-3.3468103002269367,-2.8512162242047623,-1.8148499240721048,0.003366,0.7985691091640161,4.57957957957958,3010.189441750648,3.778778778778779,0.5201612903225806,0.1447075,0.8561206834275876,0.8679267034759387,0.6287695657589165,0.18602417867686344,-0.3346892287370832,0.014311
20,3,5,1.4168526453662942,1.7802897216504205,2.0,0.002189,0.6639899576757159,59123.54855102734,535.8306925160878,12251.493596763261,24.326451499839916,0.7353688860744895,0.9136772364332775,49.50440166856032,0.9988634476024909,0.0081915,0.5307765819098265,0.6122241437340491,0.6689380642608415,0.7833772808861503,0.5374733333146167,0.6137694676164731,0.6534883858126338,0.7757019406691157,-4.133977425755205,-3.415247375306842,-2.915735610945854,-1.9080083258232539,-4.096036436389887,-3.4168991289537187,-3.0729096798879847,-1.9865902891553957,0.0032675,0.7902693095839679,4.57957957957958,2940.8201705870665,3.828828828828829,0.5241935483870968,0.142377,0.8726878398958988,0.8644216997306755,0.6429650262577216,0.18922526266801148,-0.33452459813053054,0.0141385
20,4,5,1.436121150705384,1.9512430043684743,2.0,0.0021885,0.662880956377867,58676.467332918175,408.6312722539078,12398.234015827225,32.37814563492596,0.7344126933488535,0.9137578400140832,24.179692017377498,0.9988192193647729,0.008219,0.546944259828757,0.6217920884959801,0.6962524064083779,0.8011261822289093,0.5476828996994535,0.6101383530840068,0.6818768083034228,0.7964393042462277,-3.9928054347294797,-3.3326191544794517,-2.676168098417981,-1.7511776646118662,-3.986448026909861,-3.4573788222726627,-2.817934543437798,-1.8028058923710673,0.003304,0.8022843540448568,4.56956956956957,3079.558712914229,3.7687687687687688,0.5282258064516129,0.144402,0.8562686499088208,0.8692075433844755,0.6353858171272265,0.18947932137122947,-0.3374216927567245,0.014169000000000001
20,5,5,1.3802080887118926,1.6362335860850084,2.0,0.0021905,0.6651977152445544,59202.198581507946,350.8654947381823,12316.498509123296,36.48378245094469,0.7432498342035387,0.9186253633212567,21.209377729458428,0.9988002253692743,0.008230999999999999,0.547018341583273,0.6168388539651432,0.698232605721631,0.7956256621515171,0.5634601701586135,0.6015869428474344,0.6674860197833739,0.7888132303417782,-3.9891759410648078,-3.376532950065315,-2.6574870282372185,-1.800696898019981,-3.8665827744237298,-3.5396739123876046,-2.9483534027087845,-1.8708331134043004,0.0032675,0.7906691874771354,4.57957957957958,3152.2006056613372,3.808808808808809,0.5060483870967742,0.1433815,0.869912061130873,0.8666151244675446,0.6458377323823863,0.18905924379121294,-0.3416313350545274,0.014336000000000002
21,1,5,-1.2033713552321452,0.7299210882795304,1.0,0.002143,0.0380660555665982,101.65245766414974,0.19987046254758106,0.8756632698790708,4.389994345683716,0.08369279038361685,0.0823917620882037,4.061570540030669,0.23742945621476458,0.0082565,0.8924158874507702,0.9719090435130687,0.9530668426947906,0.9514463358129888,0.934851119082565,0.9749316241563127,0.9610616273777461,0.9506192338388332,-0.947025751540508,-0.24732554306510934,-0.41324592739120725,-0.4278340390475863,-0.5780943800965499,-0.22169703362342025,-0.3462022120803274,-0.4385340887882654,0.003254,0.8308917411205581,1.3063063063063056,1.7589165903277326,0.6356356356356353,0.6169354838709677,0.12116099999999999,0.5660105859669059,0.8102358023927536,0.43019274887753123,0.233040269751015,-0.6387475127370252,0.022641
21,2,5,-1.1042966648717667,0.40751056428380594,2.0,0.002176,0.0316404561235884,57.64916146759431,0.08903869144959506,0.9049182286284964,9.784680578515573,0.06148696688658535,0.065196362163401,4.864359522568584,0.20334711578037565,0.0083625,0.9347460461363073,0.9302978839645919,0.9352749537075105,0.9334271860998756,0.9179300866378439,0.9534555332391438,0.9419006183892364,0.9298198734406299,-0.5746214255260327,-0.6140359362406755,-0.5700869619128159,-0.5856826721849409,-0.7261366336190642,-0.4118334504840204,-0.5153782308890165,-0.6205557149613536,0.003388,0.8302061807882164,1.3463463463463456,1.7589165903277326,0.6256256256256253,0.6149193548387097,0.12325649999999999,0.5701261853803601,0.8106213631826626,0.422664124545284,0.23232933537980083,-0.6449296477703685,0.0223665
21,3,5,-1.1684105125880824,0.641382425876516,1.0,0.0021704999999999997,0.02570960704433055,-311.50686219063743,0.0877338814681339,0.9303616359603397,11.22953477622612,0.0662873871250166,0.0543537413778335,8.776702479238882,0.171355633882448,0.008372000000000001,0.9576069286135311,0.9578241692701226,0.957998448884567,0.9681785756758263,0.9401111933659663,0.9576827172006888,0.9583805974756381,0.9735207990587385,-0.37341815250496063,-0.37141882993149267,-0.3698746889781459,-0.28031933832811345,-0.5295992134809078,-0.3743972713903574,-0.36910505388029596,-0.23443137537789216,0.0033545,0.8330076053909599,1.3363363363363356,1.907067801215511,0.6356356356356353,0.6169354838709677,0.12328549999999999,0.5610621246869257,0.8043696323531817,0.42050612500455514,0.23566287460095656,-0.6383238701903546,0.0235995
21,4,5,-1.2156574116386292,0.7605741525954255,1.0,0.0021415,0.01729839715066675,27.965839911771475,0.09472540221777451,0.7947296039525257,8.560399910651157,0.0794687967951189,0.045603680010384895,5.8098418486833765,0.19811176670884167,0.008299999999999998,0.9508165994444746,0.9512053761065848,0.9734176438715534,0.9586939578283715,1.0046608409237092,0.9522665319281922,0.9798105675961126,0.9605827117285677,-0.4329128962316444,-0.4296289913364335,-0.23422239013372964,-0.3638834874810683,0.041249179600723204,-0.4217820117040611,-0.1792305207678355,-0.3497356175417723,0.003279,0.835645879597513,1.3263263263263256,1.8418966807997108,0.5955955955955953,0.6189516129032258,0.121907,0.5484646522197136,0.8059319888270156,0.43360508244416107,0.2339831820323119,-0.6469121862754107,0.0227505
21,5,5,-1.044497203903821,0.2657727545366104,1.0,0.002117,0.0398260937743024,574.4778759504492,0.13970342321575074,0.9793263985553889,6.038448682245395,0.063808637753236,0.20358255192950508,3.7371413849008563,0.27502687698878236,0.0082445,0.8687325678239297,0.872594525553381,0.8739598500261234,0.8874116786337412,0.8877419667516726,0.8602093719039328,0.8755023089523293,0.8869090587302333,-1.1550886979550703,-1.1219917024479549,-1.109392514679751,-0.991318639178056,-0.9965697765126738,-1.236891539968111,-1.1010789442841098,-1.002071451599491,0.0032925000000000003,0.8355473671328444,1.3463463463463456,2.214855233726359,0.6456456456456453,0.6108870967741935,0.1207995,0.6184724047696584,0.8171732810473253,0.43927514110680643,0.22553935930829255,-0.6415607516425021,0.021286
22,1,5,-2.2768961661733806,6.19508959783618,2.5,0.0021375,0.0701860307513208,-924.6565962160074,0.08996557018682325,0.9753376834708831,12.126371152492535,0.14020073106985204,0.1187899115540059,7.556130940855928,0.29686166684545046,0.008221,0.9019594433656035,0.8899019514391864,0.9068326474869751,0.9310800015885451,0.9505535346132827,0.904119422019567,0.9125953464685921,0.936271712195297,-0.8634983828970837,-0.9696083518861324,-0.8212313583926272,-0.6067656747482504,-0.43730364203911165,-0.8507635793517956,-0.7724534649277013,-0.5635085759115253,0.0032605,0.7985608306026732,1.2862862862862856,0.9333771239324792,0.2752752752752752,0.590725806451613,0.12011250000000001,0.6176858129053064,0.8220659170847351,0.46699935385544306,0.22316497590797957,-0.5903612232654953,0.0204795
22,2,5,-2.1357961620631607,5.208847257614973,2.0,0.0021375,0.0415522407895632,1074.0125916681673,0.18939205513488078,0.8107208830016712,3.839204162431585,0.13747037699774955,0.08777755196296794,11.39000741753637,0.24218249403694309,0.0082375,0.8355839070576935,0.8767460168653329,0.8963910660740231,0.9321260109545968,0.8869093510433101,0.8950300217708851,0.9109292306791958,0.9369948049620946,-1.4462697148999961,-1.0853419119367906,-0.9119906563633826,-0.5978335820004137,-0.9998406574856853,-0.93022858759769,-0.7855911041827772,-0.5594361539539872,0.0032459999999999998,0.8164268937425249,1.3063063063063056,1.05931476351837,0.3453453453453451,0.5786290322580645,0.120065,0.6094514903394983,0.8194615371740401,0.47347451848885236,0.22157950305739588,-0.6174365973700696,0.019602500000000002
22,3,5,-2.2639726713499773,6.359790954734426,3.0,0.0021115,0.0622419584342102,25.372647023417294,0.15682069020503456,0.9233701964606136,6.218184063547417,0.13851805181692176,0.1187148689203397,4.427758362370906,0.27561699247011806,0.008195000000000001,0.9456617985086309,0.8917321327553211,0.917870822130552,0.923720547439725,0.9066747770259811,0.9036212540339592,0.9270658786819634,0.9249755959663993,-0.4787537942744997,-0.9536288546620634,-0.7236659021186522,-0.6717530476578402,-0.8283281263669924,-0.8549241534761594,-0.6465080023466596,-0.6653825414220877,0.0032635,0.8243863303765528,1.2662662662662656,1.1485394406801819,0.3553553553553551,0.5866935483870968,0.1193115,0.5957041800114278,0.8232825707127127,0.4666609007236774,0.2245551439219275,-0.6083462366104013,0.0204685
22,4,5,-2.1392426913327505,5.171674236757249,2.0,0.00211,0.0422111376163097,370.8437546790558,0.1060074673267803,0.9083391504151497,8.536192788527094,0.10527270063582464,0.1477809575458378,5.114193693389884,0.32789602041553034,0.0081455,0.8414550355304793,0.8551958891170997,0.8594521896330856,0.8837070949787782,0.8698359703790947,0.8680893126563443,0.8620954742623146,0.8815409568343098,-1.3961956714804606,-1.2750633929927102,-1.23749934091171,-1.0239519741532035,-1.152792307288688,-1.167991320337734,-1.2230184438297749,-1.0491305406240437,0.003229,0.8156599910793827,1.3063063063063056,0.9888042960880472,0.3253253253253251,0.5705645161290323,0.1198875,0.6320647985578112,0.8323236797507283,0.49698965521946903,0.2198154661124302,-0.6156794147307018,0.019265499999999998
22,5,5,-2.067232141592087,4.922317757419216,3.0,0.0021409999999999997,0.1035609458676937,125.57538233350459,0.1283228424980924,1.2123496978270525,10.70532688076253,0.20218564395534122,0.16303342552485278,5.659433335977905,0.3329046942039342,0.008212500000000001,0.8971617781221279,0.9125620688659322,0.8976508985408465,0.9065392734867379,0.8381899862624216,0.9270183489771778,0.8974540142023422,0.9083235083851474,-0.9062175508531003,-0.7701473014024298,-0.9019488201263539,-0.8229276043675662,-1.436316607999537,-0.6455684332420608,-0.9116897716321111,-0.8109665889087951,0.0032365,0.8075082830646194,1.3063063063063056,0.880937190447399,0.3253253253253251,0.590725806451613,0.119284,0.6148415296507189,0.826472017297047,0.4881537361666377,0.2204402481152071,-0.5664361208329551,0.0197565
23,1,5,0.3405720352241205,-0.6797542091765347,1.0,0.00217,-0.0024159554432969,26.921578160580804,0.0372938697758782,0.32864382672129105,8.217452931554101,-0.00998705614291025,-0.00089966069824835,7.157067858990597,0.00397044622406575,0.0082305,1.0190513462608546,1.0000489447931278,1.013448277831467,1.0043977272577844,1.0231024169094498,1.0194250403417966,1.0192849400581017,1.0027502660616816,0.167805658669657,0.0004343979968197999,0.11847140481894494,0.03875087862981535,0.20447689808975505,0.1727069993750927,0.17105500955977598,0.024346921203532497,0.0032775,0.8778760435965567,1.1761761761761758,1.9742886324203281,0.5455455455455454,0.6673387096774193,0.121249,0.5231557566359522,0.7828867991923518,0.4054012439429918,0.25164628484572127,-0.601841746426451,0.025343499999999998
23,2,5,0.29236183892817735,-0.6559174206640037,1.0,0.0021655,-0.00157276579765905,20.084866600162695,0.02697515097881365,0.31353213014767356,11.01999735533403,0.005124273359793751,-0.0042397690632263495,7.130523284762006,-0.0008892465919634498,0.008236,1.0075462422663353,0.9817878509430651,0.981713809762924,0.9932623529427318,1.0010994165581268,0.9660985676301139,0.9892319750935146,0.9886525618160689,0.0665280079940356,-0.16016537513225065,-0.16106997822709435,-0.05931152947856415,0.010100628966264395,-0.29999679301812243,-0.0952718128069518,-0.10035582225225065,0.0032505,0.8720062778663145,1.1561561561561557,2.0197857568198785,0.5455455455455454,0.6814516129032258,0.1207885,0.5237109854380761,0.7860014663553222,0.40176647034017104,0.25194615713474633,-0.6196211590204926,0.0238925
23,3,5,0.3326602930349106,-0.5843813433610809,1.0,0.0021555,-0.0012007077516911,-110.53117618116056,0.03070761875447625,0.3357006799132439,10.175787484522019,-0.00155878898492285,-0.0025163438599300003,11.8162780481684,-0.00596424360781895,0.008123499999999999,1.0129447162559941,1.0058055456012198,0.9901907955038122,1.0029680989736318,1.0182747186442267,1.0264297617667757,0.9996341815315591,1.002325912791021,0.11403419327914933,0.051091622750374294,-0.08632851933750445,0.02615387279005605,0.16170028430924693,0.23405897139441562,-0.0032977932313648997,0.020585995772089298,0.0032535000000000003,0.8678786710449162,1.1761761761761758,1.7589165903277326,0.5455455455455454,0.6653225806451613,0.12047350000000001,0.5239781871400638,0.7819252281591942,0.3826691317891209,0.2540719230960994,-0.6044429506445894,0.024606000000000003
23,4,5,0.3273473735459429,-0.6290148257755945,1.0,0.0021635,0.00505716822770375,-202.88514940135065,0.0297770270552768,0.3724595290963175,13.426163947446877,0.00864036287073605,0.00552103216175375,9.932453434537678,0.027398571804136,0.008232,0.9987392120465981,0.9595503646441228,0.9651962715645219,0.9887162746161886,0.9947593761079582,0.9665679665267347,0.9692534972875884,0.9885749388129819,-0.011085900917906951,-0.35604800560623134,-0.30633597492938947,-0.09937679035413716,-0.04639516741855855,-0.2964256664829223,-0.2729586123862937,-0.10117351677242585,0.003229,0.8763468064877868,1.1861861861861855,2.0197857568198785,0.5255255255255253,0.6673387096774193,0.12083150000000001,0.5155890974594948,0.781238379440961,0.39069336634502566,0.25232105273532335,-0.607678201309657,0.0241615
23,5,5,0.32179046810915213,-0.7169028929944536,1.0,0.0021625,-0.006839484206284951,-24.369363072233845,0.032687053186392,0.2665871309191445,8.280571676595281,-0.00585123204356645,-0.0086393010932922,6.397881401557448,-0.00215357210706595,0.008192000000000001,1.0111117712206399,1.0018043837163173,1.0034431208442713,1.0054339708871234,1.0337118405172119,1.0049639603166312,1.0007543484198211,1.0034554721229454,0.0979124169476959,0.0158813976589132,0.0303177181136931,0.0478213361334187,0.29813531806615057,0.043817997160942854,0.00667355754656995,0.03051833620970425,0.0032715,0.8678582829167731,1.2062062062062056,1.7607857764461818,0.5355355355355353,0.657258064516129,0.1209235,0.5280308253338496,0.7820790550141294,0.40305039633467776,0.2508828255437322,-0.6130094065203817,0.0242765
24,1,5,0.3946672816331289,-0.0600073550544291,1.0,0.0021525,0.2427000279733882,246.90127257567002,2.643835867319407,4.420500859266214,1.5499113847081094,0.3608654516805563,0.6747482935043001,1.3263001778358459,0.8113968548126214,0.008233,0.6846599704092624,0.6615297377144136,0.6976612527874895,0.786826701350428,0.6148035877893714,0.6396871887248975,0.6789299939032942,0.7760809194478162,-2.7782273740408883,-2.9809161340233468,-2.659945336522097,-1.8755140257578198,-3.4100269599275834,-3.188498026867808,-2.8462904100762945,-1.9757985345904965,0.003267,0.8663745163743621,1.596596596596597,6.250447985394486,0.9859859859859854,0.5967741935483871,0.123503,0.7828595982575165,0.8509694152491372,0.5483445647547956,0.20374344886382834,-0.510566665331417,0.014992499999999999
24,2,5,0.3935058476933022,-0.1379986128653625,1.0,0.002153,0.2480386877081667,238.96234430019206,2.831433918035229,4.581115902410056,1.6253175343728847,0.36745377229504744,0.7001045068550302,1.285833542488263,0.8206925445735407,0.008202000000000001,0.645938567047474,0.6620522122040116,0.6932213431281325,0.78433242928857,0.6022275663316445,0.6390273843167271,0.6714449018146348,0.7806252772020189,-3.1159486003274055,-2.976680907583691,-2.7023161899038257,-1.8997376852806636,-3.521631731215825,-3.1958773332392245,-2.9138237201329176,-1.9407060337935458,0.003236,0.8575462000933374,1.626626626626627,6.250447985394486,0.9859859859859854,0.5826612903225807,0.123829,0.7833769949151184,0.8529627644809554,0.5579018098263093,0.20356819637028217,-0.521380012558392,0.015785
24,3,5,0.42583585571369814,0.02292840909002925,1.0,0.00215,0.23922269292306397,158.16032792673698,2.727931506419568,4.549824475569698,1.62975348610797,0.35300243609733295,0.6846924693309872,1.301408734761265,0.8100437386089407,0.008156,0.6380933507823685,0.6852017672984838,0.709706733593239,0.782809161539573,0.6051116675880814,0.6557550825417824,0.6975393938681405,0.7798588165373435,-3.186370989401187,-2.7709888772628237,-2.5568944019000757,-1.9123225530375207,-3.4992397757910263,-3.049117160710212,-2.676193321464824,-1.9492012142614212,0.0032315,0.8585313426102674,1.566566566566567,6.3944884285569366,1.0060060060060056,0.5766129032258065,0.123943,0.8048450194230556,0.8532531250344334,0.5626082043317673,0.20544010315782965,-0.5129800590605359,0.0155155
24,4,5,0.38018962906373355,-0.039273031081234346,1.0,0.002149,0.24206615270188864,340.19267751522,2.4496865020456595,4.354153415902557,1.6931119389098397,0.35292224918028703,0.687229506480807,1.3541145513932227,0.8097027514643784,0.0081825,0.651070361441209,0.6534981626565473,0.696557338281689,0.791626613368961,0.6478459626405952,0.6328061672058511,0.6878567664673668,0.7839726813256006,-3.0707873240412313,-3.0490473778949974,-2.6722919646305963,-1.8359354534287862,-3.1085242045112453,-3.256695195395158,-2.7638991954115077,-1.9155659118731811,0.0032430000000000002,0.8582214118784152,1.576576576576577,5.831305113526219,1.0160160160160157,0.5806451612903226,0.1236845,0.7796146173770606,0.8530459845317176,0.5281878680808877,0.20959370251304643,-0.5169586889124838,0.0162775
24,5,5,0.4131009635848269,-0.05510962359448475,1.0,0.0021435,0.24250140820865346,11.04297677261474,2.53105596242285,4.35102555333859,1.7346937718022097,0.3555511183377172,0.697897628007016,1.3378021048873947,0.8142073871486497,0.00819,0.656726914134917,0.6814320713077531,0.716233201915448,0.7940827190048539,0.639522000109386,0.6595033568934485,0.697954948726327,0.786953210800347,-3.022019897477545,-2.8067708863522043,-2.49908509627397,-1.8134258658838651,-3.201066404432228,-3.0172258247193837,-2.678861368723826,-1.8898686199186332,0.003194,0.853178965461288,1.566566566566567,6.106407542232036,1.0060060060060056,0.5766129032258065,0.123736,0.7922268573863614,0.8542952916295479,0.5494953262092641,0.20143199023455186,-0.5230921419100553,0.015627500000000003
