fid,iid,rep,optimal_budget
1,1,0,50
1,1,1,50
1,1,2,50
1,1,3,50
1,1,4,50
1,1,5,50
1,1,6,50
1,1,7,50
1,1,8,50
1,1,9,50
1,1,10,50
1,1,11,50
1,1,12,50
1,1,13,50
1,1,14,50
1,1,15,50
1,1,16,50
1,1,17,50
1,1,18,50
1,1,19,50
1,2,0,50
1,2,1,50
1,2,2,50
1,2,3,50
1,2,4,50
1,2,5,50
1,2,6,50
1,2,7,50
1,2,8,50
1,2,9,50
1,2,10,50
1,2,11,50
1,2,12,50
1,2,13,50
1,2,14,50
1,2,15,50
1,2,16,50
1,2,17,50
1,2,18,50
1,2,19,50
1,3,0,50
1,3,1,50
1,3,2,50
1,3,3,50
1,3,4,50
1,3,5,50
1,3,6,50
1,3,7,50
1,3,8,50
1,3,9,50
1,3,10,50
1,3,11,50
1,3,12,50
1,3,13,50
1,3,14,50
1,3,15,50
1,3,16,50
1,3,17,50
1,3,18,50
1,3,19,50
1,4,0,50
1,4,1,50
1,4,2,50
1,4,3,50
1,4,4,50
1,4,5,50
1,4,6,50
1,4,7,50
1,4,8,50
1,4,9,50
1,4,10,50
1,4,11,50
1,4,12,50
1,4,13,50
1,4,14,50
1,4,15,50
1,4,16,50
1,4,17,50
1,4,18,50
1,4,19,50
1,5,0,50
1,5,1,50
1,5,2,50
1,5,3,50
1,5,4,50
1,5,5,50
1,5,6,50
1,5,7,50
1,5,8,50
1,5,9,50
1,5,10,50
1,5,11,50
1,5,12,50
1,5,13,50
1,5,14,50
1,5,15,50
1,5,16,50
1,5,17,50
1,5,18,50
1,5,19,50
2,1,0,100
2,1,1,50
2,1,2,150
2,1,3,150
2,1,4,50
2,1,5,200
2,1,6,50
2,1,7,50
2,1,8,100
2,1,9,50
2,1,10,50
2,1,11,150
2,1,12,50
2,1,13,50
2,1,14,200
2,1,15,150
2,1,16,150
2,1,17,50
2,1,18,150
2,1,19,150
2,2,0,150
2,2,1,250
2,2,2,250
2,2,3,50
2,2,4,150
2,2,5,200
2,2,6,150
2,2,7,250
2,2,8,200
2,2,9,250
2,2,10,250
2,2,11,250
2,2,12,50
2,2,13,150
2,2,14,100
2,2,15,100
2,2,16,50
2,2,17,250
2,2,18,200
2,2,19,250
2,3,0,150
2,3,1,150
2,3,2,100
2,3,3,150
2,3,4,50
2,3,5,150
2,3,6,150
2,3,7,200
2,3,8,100
2,3,9,100
2,3,10,150
2,3,11,150
2,3,12,150
2,3,13,100
2,3,14,50
2,3,15,150
2,3,16,200
2,3,17,150
2,3,18,150
2,3,19,200
2,4,0,50
2,4,1,50
2,4,2,200
2,4,3,50
2,4,4,50
2,4,5,150
2,4,6,150
2,4,7,200
2,4,8,50
2,4,9,150
2,4,10,150
2,4,11,200
2,4,12,150
2,4,13,150
2,4,14,200
2,4,15,150
2,4,16,150
2,4,17,150
2,4,18,50
2,4,19,50
2,5,0,50
2,5,1,50
2,5,2,200
2,5,3,150
2,5,4,250
2,5,5,400
2,5,6,150
2,5,7,150
2,5,8,250
2,5,9,250
2,5,10,250
2,5,11,150
2,5,12,100
2,5,13,150
2,5,14,50
2,5,15,250
2,5,16,50
2,5,17,250
2,5,18,250
2,5,19,50
3,1,0,50
3,1,1,50
3,1,2,50
3,1,3,50
3,1,4,50
3,1,5,50
3,1,6,250
3,1,7,50
3,1,8,150
3,1,9,50
3,1,10,50
3,1,11,150
3,1,12,100
3,1,13,750
3,1,14,100
3,1,15,150
3,1,16,50
3,1,17,150
3,1,18,150
3,1,19,50
3,2,0,50
3,2,1,50
3,2,2,100
3,2,3,50
3,2,4,50
3,2,5,50
3,2,6,50
3,2,7,150
3,2,8,50
3,2,9,50
3,2,10,50
3,2,11,50
3,2,12,50
3,2,13,250
3,2,14,100
3,2,15,250
3,2,16,50
3,2,17,50
3,2,18,50
3,2,19,100
3,3,0,100
3,3,1,150
3,3,2,50
3,3,3,50
3,3,4,50
3,3,5,50
3,3,6,50
3,3,7,50
3,3,8,100
3,3,9,50
3,3,10,50
3,3,11,150
3,3,12,50
3,3,13,50
3,3,14,50
3,3,15,150
3,3,16,50
3,3,17,150
3,3,18,50
3,3,19,50
3,4,0,150
3,4,1,50
3,4,2,50
3,4,3,50
3,4,4,150
3,4,5,50
3,4,6,50
3,4,7,50
3,4,8,100
3,4,9,50
3,4,10,50
3,4,11,100
3,4,12,50
3,4,13,50
3,4,14,50
3,4,15,50
3,4,16,50
3,4,17,50
3,4,18,50
3,4,19,50
3,5,0,50
3,5,1,50
3,5,2,250
3,5,3,250
3,5,4,100
3,5,5,50
3,5,6,50
3,5,7,100
3,5,8,50
3,5,9,50
3,5,10,50
3,5,11,50
3,5,12,150
3,5,13,50
3,5,14,150
3,5,15,50
3,5,16,50
3,5,17,50
3,5,18,50
3,5,19,150
4,1,0,350
4,1,1,50
4,1,2,450
4,1,3,350
4,1,4,100
4,1,5,50
4,1,6,450
4,1,7,250
4,1,8,200
4,1,9,300
4,1,10,100
4,1,11,150
4,1,12,100
4,1,13,200
4,1,14,200
4,1,15,300
4,1,16,50
4,1,17,50
4,1,18,650
4,1,19,50
4,2,0,50
4,2,1,50
4,2,2,100
4,2,3,100
4,2,4,100
4,2,5,50
4,2,6,50
4,2,7,100
4,2,8,100
4,2,9,50
4,2,10,50
4,2,11,150
4,2,12,50
4,2,13,100
4,2,14,100
4,2,15,100
4,2,16,50
4,2,17,50
4,2,18,200
4,2,19,200
4,3,0,100
4,3,1,50
4,3,2,50
4,3,3,100
4,3,4,50
4,3,5,50
4,3,6,100
4,3,7,50
4,3,8,100
4,3,9,200
4,3,10,50
4,3,11,100
4,3,12,50
4,3,13,50
4,3,14,50
4,3,15,50
4,3,16,200
4,3,17,100
4,3,18,50
4,3,19,200
4,4,0,50
4,4,1,50
4,4,2,100
4,4,3,100
4,4,4,100
4,4,5,100
4,4,6,50
4,4,7,100
4,4,8,50
4,4,9,150
4,4,10,200
4,4,11,100
4,4,12,200
4,4,13,50
4,4,14,200
4,4,15,100
4,4,16,100
4,4,17,50
4,4,18,100
4,4,19,100
4,5,0,100
4,5,1,50
4,5,2,100
4,5,3,50
4,5,4,50
4,5,5,50
4,5,6,50
4,5,7,50
4,5,8,350
4,5,9,50
4,5,10,500
4,5,11,800
4,5,12,50
4,5,13,100
4,5,14,200
4,5,15,50
4,5,16,50
4,5,17,200
4,5,18,100
4,5,19,200
5,1,0,50
5,1,1,50
5,1,2,50
5,1,3,50
5,1,4,50
5,1,5,50
5,1,6,50
5,1,7,100
5,1,8,50
5,1,9,50
5,1,10,50
5,1,11,50
5,1,12,50
5,1,13,50
5,1,14,50
5,1,15,50
5,1,16,50
5,1,17,50
5,1,18,50
5,1,19,50
5,2,0,50
5,2,1,50
5,2,2,50
5,2,3,50
5,2,4,50
5,2,5,50
5,2,6,50
5,2,7,50
5,2,8,50
5,2,9,100
5,2,10,50
5,2,11,50
5,2,12,50
5,2,13,200
5,2,14,50
5,2,15,50
5,2,16,50
5,2,17,50
5,2,18,50
5,2,19,50
5,3,0,50
5,3,1,50
5,3,2,50
5,3,3,50
5,3,4,50
5,3,5,50
5,3,6,50
5,3,7,50
5,3,8,50
5,3,9,50
5,3,10,150
5,3,11,50
5,3,12,50
5,3,13,200
5,3,14,50
5,3,15,100
5,3,16,50
5,3,17,50
5,3,18,50
5,3,19,50
5,4,0,50
5,4,1,50
5,4,2,50
5,4,3,50
5,4,4,50
5,4,5,50
5,4,6,50
5,4,7,50
5,4,8,200
5,4,9,50
5,4,10,50
5,4,11,50
5,4,12,50
5,4,13,50
5,4,14,50
5,4,15,50
5,4,16,50
5,4,17,50
5,4,18,50
5,4,19,50
5,5,0,50
5,5,1,50
5,5,2,50
5,5,3,50
5,5,4,50
5,5,5,50
5,5,6,50
5,5,7,50
5,5,8,200
5,5,9,50
5,5,10,50
5,5,11,50
5,5,12,50
5,5,13,300
5,5,14,100
5,5,15,200
5,5,16,50
5,5,17,50
5,5,18,50
5,5,19,150
6,1,0,50
6,1,1,50
6,1,2,50
6,1,3,50
6,1,4,50
6,1,5,50
6,1,6,50
6,1,7,50
6,1,8,50
6,1,9,50
6,1,10,50
6,1,11,50
6,1,12,50
6,1,13,50
6,1,14,50
6,1,15,50
6,1,16,50
6,1,17,50
6,1,18,50
6,1,19,50
6,2,0,50
6,2,1,50
6,2,2,100
6,2,3,50
6,2,4,50
6,2,5,50
6,2,6,50
6,2,7,50
6,2,8,50
6,2,9,100
6,2,10,50
6,2,11,50
6,2,12,50
6,2,13,50
6,2,14,50
6,2,15,100
6,2,16,900
6,2,17,50
6,2,18,50
6,2,19,100
6,3,0,50
6,3,1,50
6,3,2,50
6,3,3,50
6,3,4,50
6,3,5,50
6,3,6,50
6,3,7,50
6,3,8,50
6,3,9,50
6,3,10,50
6,3,11,50
6,3,12,50
6,3,13,50
6,3,14,50
6,3,15,50
6,3,16,50
6,3,17,50
6,3,18,50
6,3,19,50
6,4,0,50
6,4,1,50
6,4,2,50
6,4,3,50
6,4,4,50
6,4,5,50
6,4,6,50
6,4,7,50
6,4,8,50
6,4,9,50
6,4,10,50
6,4,11,50
6,4,12,50
6,4,13,50
6,4,14,50
6,4,15,50
6,4,16,50
6,4,17,50
6,4,18,50
6,4,19,50
6,5,0,50
6,5,1,50
6,5,2,50
6,5,3,50
6,5,4,50
6,5,5,50
6,5,6,50
6,5,7,50
6,5,8,50
6,5,9,50
6,5,10,50
6,5,11,50
6,5,12,50
6,5,13,50
6,5,14,50
6,5,15,50
6,5,16,50
6,5,17,50
6,5,18,50
6,5,19,50
7,1,0,250
7,1,1,150
7,1,2,50
7,1,3,50
7,1,4,150
7,1,5,50
7,1,6,300
7,1,7,150
7,1,8,50
7,1,9,50
7,1,10,950
7,1,11,50
7,1,12,100
7,1,13,200
7,1,14,150
7,1,15,100
7,1,16,750
7,1,17,200
7,1,18,50
7,1,19,50
7,2,0,50
7,2,1,50
7,2,2,100
7,2,3,50
7,2,4,100
7,2,5,50
7,2,6,50
7,2,7,100
7,2,8,100
7,2,9,50
7,2,10,100
7,2,11,50
7,2,12,50
7,2,13,50
7,2,14,50
7,2,15,50
7,2,16,100
7,2,17,50
7,2,18,50
7,2,19,50
7,3,0,50
7,3,1,50
7,3,2,50
7,3,3,100
7,3,4,100
7,3,5,150
7,3,6,50
7,3,7,50
7,3,8,50
7,3,9,50
7,3,10,50
7,3,11,50
7,3,12,50
7,3,13,50
7,3,14,50
7,3,15,250
7,3,16,50
7,3,17,150
7,3,18,50
7,3,19,50
7,4,0,50
7,4,1,50
7,4,2,100
7,4,3,100
7,4,4,100
7,4,5,50
7,4,6,150
7,4,7,150
7,4,8,50
7,4,9,50
7,4,10,100
7,4,11,400
7,4,12,100
7,4,13,50
7,4,14,150
7,4,15,50
7,4,16,100
7,4,17,50
7,4,18,100
7,4,19,50
7,5,0,50
7,5,1,100
7,5,2,50
7,5,3,100
7,5,4,50
7,5,5,100
7,5,6,150
7,5,7,200
7,5,8,50
7,5,9,100
7,5,10,200
7,5,11,100
7,5,12,50
7,5,13,50
7,5,14,50
7,5,15,150
7,5,16,100
7,5,17,100
7,5,18,100
7,5,19,100
8,1,0,50
8,1,1,50
8,1,2,50
8,1,3,50
8,1,4,100
8,1,5,800
8,1,6,650
8,1,7,50
8,1,8,50
8,1,9,600
8,1,10,50
8,1,11,800
8,1,12,600
8,1,13,650
8,1,14,450
8,1,15,50
8,1,16,850
8,1,17,50
8,1,18,50
8,1,19,550
8,2,0,100
8,2,1,50
8,2,2,50
8,2,3,50
8,2,4,50
8,2,5,100
8,2,6,600
8,2,7,100
8,2,8,50
8,2,9,50
8,2,10,50
8,2,11,50
8,2,12,100
8,2,13,50
8,2,14,100
8,2,15,50
8,2,16,50
8,2,17,50
8,2,18,50
8,2,19,600
8,3,0,50
8,3,1,50
8,3,2,50
8,3,3,50
8,3,4,50
8,3,5,100
8,3,6,50
8,3,7,100
8,3,8,50
8,3,9,50
8,3,10,50
8,3,11,50
8,3,12,50
8,3,13,50
8,3,14,50
8,3,15,50
8,3,16,650
8,3,17,50
8,3,18,50
8,3,19,50
8,4,0,50
8,4,1,50
8,4,2,50
8,4,3,50
8,4,4,50
8,4,5,50
8,4,6,400
8,4,7,50
8,4,8,50
8,4,9,50
8,4,10,50
8,4,11,50
8,4,12,600
8,4,13,50
8,4,14,50
8,4,15,750
8,4,16,800
8,4,17,50
8,4,18,50
8,4,19,50
8,5,0,50
8,5,1,200
8,5,2,50
8,5,3,50
8,5,4,50
8,5,5,50
8,5,6,50
8,5,7,50
8,5,8,50
8,5,9,50
8,5,10,50
8,5,11,50
8,5,12,400
8,5,13,50
8,5,14,400
8,5,15,50
8,5,16,50
8,5,17,50
8,5,18,50
8,5,19,50
9,1,0,150
9,1,1,100
9,1,2,150
9,1,3,50
9,1,4,50
9,1,5,100
9,1,6,50
9,1,7,50
9,1,8,50
9,1,9,50
9,1,10,950
9,1,11,50
9,1,12,100
9,1,13,50
9,1,14,50
9,1,15,950
9,1,16,400
9,1,17,50
9,1,18,100
9,1,19,50
9,2,0,100
9,2,1,200
9,2,2,150
9,2,3,50
9,2,4,950
9,2,5,50
9,2,6,50
9,2,7,950
9,2,8,50
9,2,9,50
9,2,10,950
9,2,11,100
9,2,12,50
9,2,13,100
9,2,14,50
9,2,15,50
9,2,16,950
9,2,17,50
9,2,18,50
9,2,19,50
9,3,0,150
9,3,1,100
9,3,2,50
9,3,3,50
9,3,4,50
9,3,5,50
9,3,6,50
9,3,7,150
9,3,8,50
9,3,9,100
9,3,10,50
9,3,11,950
9,3,12,950
9,3,13,50
9,3,14,50
9,3,15,300
9,3,16,50
9,3,17,50
9,3,18,50
9,3,19,200
9,4,0,50
9,4,1,50
9,4,2,50
9,4,3,950
9,4,4,50
9,4,5,50
9,4,6,950
9,4,7,50
9,4,8,50
9,4,9,950
9,4,10,50
9,4,11,50
9,4,12,150
9,4,13,100
9,4,14,50
9,4,15,850
9,4,16,100
9,4,17,50
9,4,18,50
9,4,19,50
9,5,0,150
9,5,1,50
9,5,2,50
9,5,3,100
9,5,4,50
9,5,5,50
9,5,6,50
9,5,7,100
9,5,8,50
9,5,9,950
9,5,10,50
9,5,11,150
9,5,12,50
9,5,13,50
9,5,14,100
9,5,15,200
9,5,16,950
9,5,17,350
9,5,18,950
9,5,19,100
10,1,0,150
10,1,1,200
10,1,2,100
10,1,3,200
10,1,4,150
10,1,5,50
10,1,6,200
10,1,7,50
10,1,8,200
10,1,9,200
10,1,10,200
10,1,11,150
10,1,12,150
10,1,13,50
10,1,14,50
10,1,15,200
10,1,16,150
10,1,17,50
10,1,18,200
10,1,19,200
10,2,0,200
10,2,1,200
10,2,2,300
10,2,3,150
10,2,4,150
10,2,5,200
10,2,6,100
10,2,7,150
10,2,8,50
10,2,9,150
10,2,10,200
10,2,11,200
10,2,12,150
10,2,13,150
10,2,14,150
10,2,15,200
10,2,16,150
10,2,17,200
10,2,18,150
10,2,19,150
10,3,0,150
10,3,1,200
10,3,2,150
10,3,3,200
10,3,4,250
10,3,5,150
10,3,6,100
10,3,7,150
10,3,8,150
10,3,9,500
10,3,10,200
10,3,11,200
10,3,12,200
10,3,13,100
10,3,14,200
10,3,15,200
10,3,16,150
10,3,17,200
10,3,18,150
10,3,19,200
10,4,0,50
10,4,1,200
10,4,2,50
10,4,3,200
10,4,4,150
10,4,5,200
10,4,6,150
10,4,7,200
10,4,8,200
10,4,9,150
10,4,10,150
10,4,11,150
10,4,12,150
10,4,13,150
10,4,14,150
10,4,15,150
10,4,16,50
10,4,17,50
10,4,18,200
10,4,19,200
10,5,0,200
10,5,1,50
10,5,2,200
10,5,3,50
10,5,4,200
10,5,5,100
10,5,6,200
10,5,7,150
10,5,8,200
10,5,9,200
10,5,10,200
10,5,11,50
10,5,12,200
10,5,13,200
10,5,14,50
10,5,15,150
10,5,16,200
10,5,17,150
10,5,18,150
10,5,19,150
11,1,0,100
11,1,1,100
11,1,2,100
11,1,3,50
11,1,4,100
11,1,5,800
11,1,6,50
11,1,7,100
11,1,8,100
11,1,9,50
11,1,10,100
11,1,11,50
11,1,12,100
11,1,13,100
11,1,14,100
11,1,15,100
11,1,16,100
11,1,17,50
11,1,18,100
11,1,19,50
11,2,0,100
11,2,1,50
11,2,2,100
11,2,3,50
11,2,4,50
11,2,5,100
11,2,6,50
11,2,7,100
11,2,8,100
11,2,9,100
11,2,10,250
11,2,11,100
11,2,12,100
11,2,13,100
11,2,14,100
11,2,15,250
11,2,16,150
11,2,17,100
11,2,18,350
11,2,19,50
11,3,0,100
11,3,1,100
11,3,2,200
11,3,3,100
11,3,4,50
11,3,5,100
11,3,6,50
11,3,7,100
11,3,8,50
11,3,9,100
11,3,10,100
11,3,11,50
11,3,12,100
11,3,13,100
11,3,14,100
11,3,15,100
11,3,16,100
11,3,17,100
11,3,18,100
11,3,19,50
11,4,0,200
11,4,1,100
11,4,2,200
11,4,3,50
11,4,4,100
11,4,5,150
11,4,6,250
11,4,7,500
11,4,8,100
11,4,9,200
11,4,10,100
11,4,11,150
11,4,12,100
11,4,13,150
11,4,14,50
11,4,15,100
11,4,16,100
11,4,17,100
11,4,18,100
11,4,19,950
11,5,0,150
11,5,1,100
11,5,2,100
11,5,3,100
11,5,4,100
11,5,5,100
11,5,6,100
11,5,7,50
11,5,8,100
11,5,9,100
11,5,10,50
11,5,11,50
11,5,12,100
11,5,13,100
11,5,14,100
11,5,15,100
11,5,16,250
11,5,17,100
11,5,18,150
11,5,19,50
12,1,0,50
12,1,1,50
12,1,2,50
12,1,3,50
12,1,4,50
12,1,5,50
12,1,6,50
12,1,7,50
12,1,8,50
12,1,9,50
12,1,10,50
12,1,11,50
12,1,12,50
12,1,13,50
12,1,14,50
12,1,15,50
12,1,16,50
12,1,17,50
12,1,18,50
12,1,19,50
12,2,0,50
12,2,1,50
12,2,2,50
12,2,3,50
12,2,4,50
12,2,5,50
12,2,6,50
12,2,7,50
12,2,8,50
12,2,9,50
12,2,10,50
12,2,11,50
12,2,12,50
12,2,13,50
12,2,14,50
12,2,15,50
12,2,16,50
12,2,17,50
12,2,18,50
12,2,19,50
12,3,0,50
12,3,1,50
12,3,2,50
12,3,3,50
12,3,4,50
12,3,5,50
12,3,6,50
12,3,7,50
12,3,8,50
12,3,9,50
12,3,10,50
12,3,11,50
12,3,12,50
12,3,13,50
12,3,14,50
12,3,15,50
12,3,16,50
12,3,17,50
12,3,18,50
12,3,19,50
12,4,0,50
12,4,1,50
12,4,2,50
12,4,3,50
12,4,4,50
12,4,5,50
12,4,6,50
12,4,7,50
12,4,8,50
12,4,9,50
12,4,10,50
12,4,11,50
12,4,12,50
12,4,13,50
12,4,14,50
12,4,15,50
12,4,16,50
12,4,17,50
12,4,18,50
12,4,19,50
12,5,0,50
12,5,1,50
12,5,2,50
12,5,3,50
12,5,4,50
12,5,5,50
12,5,6,50
12,5,7,50
12,5,8,50
12,5,9,50
12,5,10,50
12,5,11,50
12,5,12,50
12,5,13,50
12,5,14,50
12,5,15,900
12,5,16,50
12,5,17,50
12,5,18,50
12,5,19,50
13,1,0,50
13,1,1,50
13,1,2,50
13,1,3,50
13,1,4,50
13,1,5,50
13,1,6,50
13,1,7,50
13,1,8,50
13,1,9,100
13,1,10,50
13,1,11,50
13,1,12,50
13,1,13,50
13,1,14,50
13,1,15,50
13,1,16,50
13,1,17,50
13,1,18,50
13,1,19,50
13,2,0,50
13,2,1,50
13,2,2,100
13,2,3,50
13,2,4,50
13,2,5,50
13,2,6,50
13,2,7,50
13,2,8,50
13,2,9,50
13,2,10,50
13,2,11,50
13,2,12,50
13,2,13,50
13,2,14,100
13,2,15,50
13,2,16,100
13,2,17,50
13,2,18,50
13,2,19,50
13,3,0,50
13,3,1,50
13,3,2,50
13,3,3,50
13,3,4,50
13,3,5,100
13,3,6,50
13,3,7,50
13,3,8,50
13,3,9,50
13,3,10,50
13,3,11,50
13,3,12,50
13,3,13,50
13,3,14,100
13,3,15,50
13,3,16,50
13,3,17,50
13,3,18,50
13,3,19,50
13,4,0,50
13,4,1,50
13,4,2,50
13,4,3,50
13,4,4,50
13,4,5,50
13,4,6,50
13,4,7,50
13,4,8,50
13,4,9,50
13,4,10,50
13,4,11,50
13,4,12,50
13,4,13,50
13,4,14,50
13,4,15,50
13,4,16,50
13,4,17,50
13,4,18,50
13,4,19,50
13,5,0,50
13,5,1,50
13,5,2,100
13,5,3,50
13,5,4,50
13,5,5,50
13,5,6,50
13,5,7,50
13,5,8,50
13,5,9,100
13,5,10,950
13,5,11,50
13,5,12,50
13,5,13,50
13,5,14,50
13,5,15,50
13,5,16,50
13,5,17,50
13,5,18,50
13,5,19,50
14,1,0,50
14,1,1,50
14,1,2,50
14,1,3,50
14,1,4,50
14,1,5,50
14,1,6,50
14,1,7,50
14,1,8,50
14,1,9,50
14,1,10,50
14,1,11,50
14,1,12,50
14,1,13,50
14,1,14,50
14,1,15,50
14,1,16,50
14,1,17,50
14,1,18,50
14,1,19,50
14,2,0,50
14,2,1,50
14,2,2,50
14,2,3,50
14,2,4,50
14,2,5,50
14,2,6,50
14,2,7,50
14,2,8,50
14,2,9,50
14,2,10,50
14,2,11,50
14,2,12,50
14,2,13,50
14,2,14,50
14,2,15,50
14,2,16,50
14,2,17,50
14,2,18,50
14,2,19,50
14,3,0,50
14,3,1,600
14,3,2,50
14,3,3,50
14,3,4,50
14,3,5,50
14,3,6,50
14,3,7,50
14,3,8,50
14,3,9,50
14,3,10,50
14,3,11,50
14,3,12,50
14,3,13,50
14,3,14,50
14,3,15,50
14,3,16,50
14,3,17,50
14,3,18,50
14,3,19,50
14,4,0,50
14,4,1,50
14,4,2,50
14,4,3,50
14,4,4,50
14,4,5,50
14,4,6,50
14,4,7,50
14,4,8,50
14,4,9,50
14,4,10,50
14,4,11,50
14,4,12,50
14,4,13,50
14,4,14,50
14,4,15,50
14,4,16,50
14,4,17,50
14,4,18,50
14,4,19,50
14,5,0,50
14,5,1,50
14,5,2,50
14,5,3,50
14,5,4,50
14,5,5,50
14,5,6,50
14,5,7,50
14,5,8,50
14,5,9,50
14,5,10,50
14,5,11,50
14,5,12,50
14,5,13,50
14,5,14,50
14,5,15,50
14,5,16,50
14,5,17,50
14,5,18,50
14,5,19,50
15,1,0,100
15,1,1,200
15,1,2,100
15,1,3,50
15,1,4,50
15,1,5,50
15,1,6,50
15,1,7,100
15,1,8,50
15,1,9,100
15,1,10,100
15,1,11,50
15,1,12,50
15,1,13,100
15,1,14,200
15,1,15,50
15,1,16,50
15,1,17,150
15,1,18,150
15,1,19,150
15,2,0,100
15,2,1,100
15,2,2,200
15,2,3,50
15,2,4,200
15,2,5,100
15,2,6,50
15,2,7,100
15,2,8,50
15,2,9,200
15,2,10,50
15,2,11,100
15,2,12,150
15,2,13,50
15,2,14,150
15,2,15,100
15,2,16,100
15,2,17,50
15,2,18,200
15,2,19,50
15,3,0,50
15,3,1,100
15,3,2,100
15,3,3,50
15,3,4,50
15,3,5,200
15,3,6,100
15,3,7,100
15,3,8,50
15,3,9,100
15,3,10,100
15,3,11,200
15,3,12,50
15,3,13,100
15,3,14,100
15,3,15,200
15,3,16,50
15,3,17,50
15,3,18,50
15,3,19,50
15,4,0,50
15,4,1,50
15,4,2,50
15,4,3,50
15,4,4,100
15,4,5,50
15,4,6,50
15,4,7,50
15,4,8,100
15,4,9,100
15,4,10,50
15,4,11,50
15,4,12,50
15,4,13,100
15,4,14,50
15,4,15,50
15,4,16,50
15,4,17,50
15,4,18,100
15,4,19,200
15,5,0,50
15,5,1,100
15,5,2,100
15,5,3,50
15,5,4,100
15,5,5,100
15,5,6,200
15,5,7,50
15,5,8,50
15,5,9,100
15,5,10,50
15,5,11,50
15,5,12,50
15,5,13,200
15,5,14,50
15,5,15,150
15,5,16,50
15,5,17,100
15,5,18,50
15,5,19,200
16,1,0,50
16,1,1,250
16,1,2,50
16,1,3,100
16,1,4,50
16,1,5,50
16,1,6,200
16,1,7,250
16,1,8,50
16,1,9,50
16,1,10,50
16,1,11,50
16,1,12,50
16,1,13,100
16,1,14,700
16,1,15,200
16,1,16,50
16,1,17,50
16,1,18,100
16,1,19,50
16,2,0,100
16,2,1,200
16,2,2,50
16,2,3,100
16,2,4,50
16,2,5,200
16,2,6,100
16,2,7,50
16,2,8,50
16,2,9,200
16,2,10,50
16,2,11,50
16,2,12,200
16,2,13,100
16,2,14,50
16,2,15,100
16,2,16,50
16,2,17,50
16,2,18,150
16,2,19,200
16,3,0,50
16,3,1,200
16,3,2,300
16,3,3,250
16,3,4,50
16,3,5,50
16,3,6,50
16,3,7,200
16,3,8,100
16,3,9,50
16,3,10,350
16,3,11,150
16,3,12,300
16,3,13,50
16,3,14,50
16,3,15,50
16,3,16,100
16,3,17,100
16,3,18,200
16,3,19,100
16,4,0,100
16,4,1,100
16,4,2,50
16,4,3,200
16,4,4,300
16,4,5,50
16,4,6,50
16,4,7,200
16,4,8,100
16,4,9,50
16,4,10,100
16,4,11,50
16,4,12,50
16,4,13,100
16,4,14,50
16,4,15,50
16,4,16,50
16,4,17,100
16,4,18,50
16,4,19,50
16,5,0,150
16,5,1,50
16,5,2,150
16,5,3,200
16,5,4,100
16,5,5,50
16,5,6,50
16,5,7,150
16,5,8,200
16,5,9,50
16,5,10,100
16,5,11,100
16,5,12,100
16,5,13,100
16,5,14,100
16,5,15,50
16,5,16,50
16,5,17,50
16,5,18,50
16,5,19,50
17,1,0,100
17,1,1,50
17,1,2,300
17,1,3,50
17,1,4,350
17,1,5,150
17,1,6,350
17,1,7,200
17,1,8,50
17,1,9,350
17,1,10,350
17,1,11,50
17,1,12,250
17,1,13,350
17,1,14,100
17,1,15,100
17,1,16,150
17,1,17,50
17,1,18,150
17,1,19,250
17,2,0,100
17,2,1,50
17,2,2,250
17,2,3,350
17,2,4,250
17,2,5,100
17,2,6,400
17,2,7,250
17,2,8,350
17,2,9,350
17,2,10,250
17,2,11,100
17,2,12,300
17,2,13,50
17,2,14,350
17,2,15,350
17,2,16,50
17,2,17,150
17,2,18,200
17,2,19,650
17,3,0,350
17,3,1,150
17,3,2,300
17,3,3,300
17,3,4,150
17,3,5,300
17,3,6,150
17,3,7,50
17,3,8,100
17,3,9,50
17,3,10,400
17,3,11,50
17,3,12,50
17,3,13,200
17,3,14,150
17,3,15,100
17,3,16,50
17,3,17,150
17,3,18,150
17,3,19,300
17,4,0,150
17,4,1,50
17,4,2,50
17,4,3,350
17,4,4,100
17,4,5,50
17,4,6,50
17,4,7,200
17,4,8,250
17,4,9,200
17,4,10,350
17,4,11,350
17,4,12,100
17,4,13,150
17,4,14,50
17,4,15,200
17,4,16,50
17,4,17,150
17,4,18,150
17,4,19,300
17,5,0,250
17,5,1,350
17,5,2,350
17,5,3,50
17,5,4,50
17,5,5,50
17,5,6,150
17,5,7,350
17,5,8,350
17,5,9,350
17,5,10,50
17,5,11,350
17,5,12,350
17,5,13,350
17,5,14,50
17,5,15,350
17,5,16,350
17,5,17,300
17,5,18,300
17,5,19,300
18,1,0,200
18,1,1,100
18,1,2,50
18,1,3,100
18,1,4,50
18,1,5,50
18,1,6,50
18,1,7,100
18,1,8,100
18,1,9,200
18,1,10,50
18,1,11,100
18,1,12,200
18,1,13,50
18,1,14,50
18,1,15,100
18,1,16,50
18,1,17,150
18,1,18,50
18,1,19,100
18,2,0,700
18,2,1,150
18,2,2,50
18,2,3,100
18,2,4,50
18,2,5,150
18,2,6,50
18,2,7,50
18,2,8,200
18,2,9,100
18,2,10,100
18,2,11,200
18,2,12,350
18,2,13,200
18,2,14,50
18,2,15,450
18,2,16,50
18,2,17,200
18,2,18,100
18,2,19,50
18,3,0,100
18,3,1,100
18,3,2,200
18,3,3,50
18,3,4,50
18,3,5,50
18,3,6,200
18,3,7,200
18,3,8,50
18,3,9,50
18,3,10,50
18,3,11,50
18,3,12,50
18,3,13,100
18,3,14,50
18,3,15,100
18,3,16,100
18,3,17,50
18,3,18,50
18,3,19,100
18,4,0,100
18,4,1,50
18,4,2,50
18,4,3,50
18,4,4,100
18,4,5,100
18,4,6,50
18,4,7,50
18,4,8,50
18,4,9,100
18,4,10,100
18,4,11,100
18,4,12,50
18,4,13,50
18,4,14,50
18,4,15,50
18,4,16,100
18,4,17,50
18,4,18,50
18,4,19,50
18,5,0,200
18,5,1,100
18,5,2,200
18,5,3,100
18,5,4,100
18,5,5,100
18,5,6,100
18,5,7,50
18,5,8,200
18,5,9,50
18,5,10,50
18,5,11,50
18,5,12,100
18,5,13,50
18,5,14,200
18,5,15,200
18,5,16,150
18,5,17,150
18,5,18,50
18,5,19,150
19,1,0,150
19,1,1,300
19,1,2,50
19,1,3,50
19,1,4,150
19,1,5,50
19,1,6,100
19,1,7,50
19,1,8,50
19,1,9,50
19,1,10,50
19,1,11,150
19,1,12,50
19,1,13,50
19,1,14,100
19,1,15,700
19,1,16,700
19,1,17,50
19,1,18,50
19,1,19,50
19,2,0,50
19,2,1,200
19,2,2,950
19,2,3,50
19,2,4,50
19,2,5,100
19,2,6,200
19,2,7,50
19,2,8,50
19,2,9,50
19,2,10,100
19,2,11,50
19,2,12,50
19,2,13,50
19,2,14,50
19,2,15,150
19,2,16,50
19,2,17,950
19,2,18,50
19,2,19,50
19,3,0,50
19,3,1,50
19,3,2,50
19,3,3,50
19,3,4,800
19,3,5,50
19,3,6,50
19,3,7,50
19,3,8,100
19,3,9,900
19,3,10,50
19,3,11,100
19,3,12,50
19,3,13,100
19,3,14,50
19,3,15,100
19,3,16,50
19,3,17,50
19,3,18,50
19,3,19,200
19,4,0,100
19,4,1,50
19,4,2,50
19,4,3,100
19,4,4,50
19,4,5,200
19,4,6,50
19,4,7,100
19,4,8,50
19,4,9,50
19,4,10,200
19,4,11,50
19,4,12,150
19,4,13,50
19,4,14,50
19,4,15,50
19,4,16,150
19,4,17,50
19,4,18,50
19,4,19,50
19,5,0,50
19,5,1,100
19,5,2,150
19,5,3,50
19,5,4,100
19,5,5,50
19,5,6,950
19,5,7,50
19,5,8,100
19,5,9,50
19,5,10,150
19,5,11,100
19,5,12,100
19,5,13,50
19,5,14,50
19,5,15,50
19,5,16,200
19,5,17,50
19,5,18,50
19,5,19,50
20,1,0,500
20,1,1,950
20,1,2,400
20,1,3,200
20,1,4,150
20,1,5,200
20,1,6,250
20,1,7,150
20,1,8,150
20,1,9,150
20,1,10,100
20,1,11,100
20,1,12,100
20,1,13,150
20,1,14,100
20,1,15,950
20,1,16,300
20,1,17,250
20,1,18,450
20,1,19,300
20,2,0,50
20,2,1,250
20,2,2,950
20,2,3,950
20,2,4,950
20,2,5,950
20,2,6,50
20,2,7,150
20,2,8,50
20,2,9,250
20,2,10,150
20,2,11,100
20,2,12,150
20,2,13,300
20,2,14,100
20,2,15,250
20,2,16,100
20,2,17,250
20,2,18,950
20,2,19,50
20,3,0,150
20,3,1,250
20,3,2,100
20,3,3,150
20,3,4,250
20,3,5,100
20,3,6,50
20,3,7,50
20,3,8,150
20,3,9,250
20,3,10,150
20,3,11,50
20,3,12,150
20,3,13,950
20,3,14,150
20,3,15,50
20,3,16,50
20,3,17,400
20,3,18,450
20,3,19,200
20,4,0,400
20,4,1,50
20,4,2,950
20,4,3,400
20,4,4,50
20,4,5,50
20,4,6,150
20,4,7,400
20,4,8,50
20,4,9,500
20,4,10,150
20,4,11,50
20,4,12,400
20,4,13,150
20,4,14,100
20,4,15,200
20,4,16,400
20,4,17,150
20,4,18,450
20,4,19,350
20,5,0,200
20,5,1,250
20,5,2,250
20,5,3,150
20,5,4,950
20,5,5,50
20,5,6,950
20,5,7,400
20,5,8,100
20,5,9,250
20,5,10,150
20,5,11,50
20,5,12,50
20,5,13,50
20,5,14,400
20,5,15,100
20,5,16,100
20,5,17,250
20,5,18,250
20,5,19,50
21,1,0,50
21,1,1,50
21,1,2,100
21,1,3,50
21,1,4,50
21,1,5,50
21,1,6,50
21,1,7,50
21,1,8,50
21,1,9,50
21,1,10,50
21,1,11,50
21,1,12,50
21,1,13,50
21,1,14,50
21,1,15,50
21,1,16,50
21,1,17,100
21,1,18,50
21,1,19,50
21,2,0,50
21,2,1,100
21,2,2,100
21,2,3,50
21,2,4,50
21,2,5,50
21,2,6,50
21,2,7,50
21,2,8,50
21,2,9,50
21,2,10,950
21,2,11,100
21,2,12,50
21,2,13,50
21,2,14,50
21,2,15,50
21,2,16,50
21,2,17,50
21,2,18,50
21,2,19,50
21,3,0,50
21,3,1,100
21,3,2,50
21,3,3,50
21,3,4,50
21,3,5,50
21,3,6,50
21,3,7,50
21,3,8,50
21,3,9,50
21,3,10,50
21,3,11,150
21,3,12,50
21,3,13,50
21,3,14,50
21,3,15,50
21,3,16,50
21,3,17,50
21,3,18,50
21,3,19,50
21,4,0,50
21,4,1,50
21,4,2,50
21,4,3,50
21,4,4,50
21,4,5,50
21,4,6,50
21,4,7,50
21,4,8,50
21,4,9,100
21,4,10,50
21,4,11,50
21,4,12,50
21,4,13,50
21,4,14,50
21,4,15,50
21,4,16,50
21,4,17,50
21,4,18,150
21,4,19,50
21,5,0,50
21,5,1,100
21,5,2,50
21,5,3,100
21,5,4,50
21,5,5,50
21,5,6,50
21,5,7,100
21,5,8,50
21,5,9,50
21,5,10,50
21,5,11,50
21,5,12,50
21,5,13,50
21,5,14,50
21,5,15,50
21,5,16,50
21,5,17,50
21,5,18,50
21,5,19,50
22,1,0,550
22,1,1,50
22,1,2,150
22,1,3,650
22,1,4,950
22,1,5,900
22,1,6,50
22,1,7,50
22,1,8,50
22,1,9,50
22,1,10,650
22,1,11,50
22,1,12,50
22,1,13,50
22,1,14,50
22,1,15,500
22,1,16,100
22,1,17,600
22,1,18,100
22,1,19,650
22,2,0,50
22,2,1,550
22,2,2,550
22,2,3,100
22,2,4,500
22,2,5,100
22,2,6,150
22,2,7,50
22,2,8,50
22,2,9,150
22,2,10,100
22,2,11,150
22,2,12,50
22,2,13,100
22,2,14,500
22,2,15,100
22,2,16,550
22,2,17,50
22,2,18,150
22,2,19,500
22,3,0,300
22,3,1,100
22,3,2,50
22,3,3,200
22,3,4,650
22,3,5,50
22,3,6,650
22,3,7,650
22,3,8,50
22,3,9,50
22,3,10,50
22,3,11,150
22,3,12,100
22,3,13,50
22,3,14,150
22,3,15,500
22,3,16,150
22,3,17,650
22,3,18,700
22,3,19,50
22,4,0,100
22,4,1,100
22,4,2,100
22,4,3,100
22,4,4,150
22,4,5,550
22,4,6,100
22,4,7,50
22,4,8,150
22,4,9,100
22,4,10,100
22,4,11,50
22,4,12,50
22,4,13,150
22,4,14,50
22,4,15,700
22,4,16,150
22,4,17,100
22,4,18,50
22,4,19,100
22,5,0,500
22,5,1,100
22,5,2,700
22,5,3,550
22,5,4,550
22,5,5,100
22,5,6,100
22,5,7,100
22,5,8,150
22,5,9,500
22,5,10,100
22,5,11,550
22,5,12,650
22,5,13,700
22,5,14,550
22,5,15,550
22,5,16,550
22,5,17,700
22,5,18,50
22,5,19,50
23,1,0,50
23,1,1,300
23,1,2,400
23,1,3,50
23,1,4,50
23,1,5,300
23,1,6,400
23,1,7,250
23,1,8,250
23,1,9,50
23,1,10,50
23,1,11,500
23,1,12,50
23,1,13,50
23,1,14,50
23,1,15,300
23,1,16,150
23,1,17,250
23,1,18,300
23,1,19,50
23,2,0,50
23,2,1,400
23,2,2,350
23,2,3,150
23,2,4,100
23,2,5,50
23,2,6,150
23,2,7,200
23,2,8,100
23,2,9,400
23,2,10,50
23,2,11,300
23,2,12,50
23,2,13,50
23,2,14,50
23,2,15,200
23,2,16,250
23,2,17,300
23,2,18,350
23,2,19,100
23,3,0,400
23,3,1,900
23,3,2,50
23,3,3,50
23,3,4,50
23,3,5,200
23,3,6,300
23,3,7,250
23,3,8,50
23,3,9,400
23,3,10,450
23,3,11,50
23,3,12,50
23,3,13,150
23,3,14,300
23,3,15,300
23,3,16,400
23,3,17,50
23,3,18,550
23,3,19,50
23,4,0,50
23,4,1,50
23,4,2,50
23,4,3,300
23,4,4,50
23,4,5,50
23,4,6,50
23,4,7,50
23,4,8,500
23,4,9,400
23,4,10,200
23,4,11,400
23,4,12,150
23,4,13,150
23,4,14,50
23,4,15,350
23,4,16,50
23,4,17,100
23,4,18,150
23,4,19,200
23,5,0,50
23,5,1,50
23,5,2,50
23,5,3,400
23,5,4,400
23,5,5,50
23,5,6,400
23,5,7,350
23,5,8,50
23,5,9,100
23,5,10,400
23,5,11,300
23,5,12,400
23,5,13,50
23,5,14,500
23,5,15,50
23,5,16,50
23,5,17,50
23,5,18,300
23,5,19,150
24,1,0,100
24,1,1,200
24,1,2,100
24,1,3,100
24,1,4,100
24,1,5,50
24,1,6,50
24,1,7,50
24,1,8,200
24,1,9,50
24,1,10,50
24,1,11,200
24,1,12,150
24,1,13,100
24,1,14,50
24,1,15,150
24,1,16,50
24,1,17,100
24,1,18,200
24,1,19,50
24,2,0,50
24,2,1,200
24,2,2,100
24,2,3,50
24,2,4,50
24,2,5,100
24,2,6,100
24,2,7,50
24,2,8,100
24,2,9,50
24,2,10,50
24,2,11,50
24,2,12,50
24,2,13,50
24,2,14,50
24,2,15,150
24,2,16,250
24,2,17,200
24,2,18,200
24,2,19,200
24,3,0,250
24,3,1,50
24,3,2,50
24,3,3,100
24,3,4,50
24,3,5,200
24,3,6,100
24,3,7,100
24,3,8,50
24,3,9,200
24,3,10,100
24,3,11,100
24,3,12,50
24,3,13,100
24,3,14,150
24,3,15,50
24,3,16,200
24,3,17,50
24,3,18,200
24,3,19,850
24,4,0,50
24,4,1,100
24,4,2,250
24,4,3,50
24,4,4,50
24,4,5,50
24,4,6,50
24,4,7,200
24,4,8,50
24,4,9,100
24,4,10,100
24,4,11,50
24,4,12,100
24,4,13,50
24,4,14,100
24,4,15,50
24,4,16,100
24,4,17,200
24,4,18,50
24,4,19,100
24,5,0,100
24,5,1,250
24,5,2,250
24,5,3,50
24,5,4,100
24,5,5,850
24,5,6,100
24,5,7,50
24,5,8,150
24,5,9,50
24,5,10,50
24,5,11,100
24,5,12,50
24,5,13,200
24,5,14,50
24,5,15,50
24,5,16,50
24,5,17,50
24,5,18,50
24,5,19,100
