fid,iid,algorithm,budget,precision
1,1,BFGS,50,0.0
1,1,DE,50,1.1952518609
1,1,Elitist,50,0.0
1,1,MLSL,50,0.0
1,1,Non-elitist,50,1e-10
1,1,PSO,50,0.0005632551
1,2,BFGS,50,0.0
1,2,DE,50,0.0
1,2,Elitist,50,0.0
1,2,MLSL,50,0.0
1,2,Non-elitist,50,1e-10
1,2,PSO,50,0.0009650787
1,3,BFGS,50,0.0
1,3,DE,50,0.0652220654
1,3,Elitist,50,0.0
1,3,MLSL,50,0.0
1,3,Non-elitist,50,3e-10
1,3,PSO,50,0.0007777586
1,4,BFGS,50,0.0
1,4,DE,50,1.6889448038000001
1,4,Elitist,50,0.0
1,4,MLSL,50,0.0
1,4,Non-elitist,50,0.0
1,4,PSO,50,0.0009763399
1,5,BFGS,50,0.0
1,5,DE,50,3.1129958841
1,5,Elitist,50,0.0
1,5,MLSL,50,0.0
1,5,Non-elitist,50,2e-10
1,5,PSO,50,0.0006565118
2,1,BFGS,50,9e-10
2,1,DE,50,6483.1013668184005
2,1,Elitist,50,3292.4669240197
2,1,MLSL,50,6.52941e-05
2,1,Non-elitist,50,109.27590125180001
2,1,PSO,50,493.2177512691
2,2,BFGS,50,1.5e-09
2,2,DE,50,8500.6033164705
2,2,Elitist,50,1144.7082690034
2,2,MLSL,50,0.0004969505
2,2,Non-elitist,50,117.4094143571
2,2,PSO,50,1157.6294205374
2,3,BFGS,50,1e-09
2,3,DE,50,7871.0568520297
2,3,Elitist,50,7249.3138187531995
2,3,MLSL,50,0.0002079414
2,3,Non-elitist,50,116.65271185930001
2,3,PSO,50,1968.6602514516
2,4,BFGS,50,9e-10
2,4,DE,50,8259.3033312491
2,4,Elitist,50,3369.0870090821
2,4,MLSL,50,0.0013284453
2,4,Non-elitist,50,137.0649747997
2,4,PSO,50,1465.6163409917
2,5,BFGS,50,6e-10
2,5,DE,50,10627.864873082899
2,5,Elitist,50,3245.7650165424
2,5,MLSL,50,0.0033335771
2,5,Non-elitist,50,87.3908840326
2,5,PSO,50,1432.1223196626
3,1,BFGS,50,4016.8348539766002
3,1,DE,50,309.5509283728
3,1,Elitist,50,297.8687207546
3,1,MLSL,50,198.991614162
3,1,Non-elitist,50,153.2251846117
3,1,PSO,50,157.3241675041
3,2,BFGS,50,6557.2538031078
3,2,DE,50,402.66947253989997
3,2,Elitist,50,287.1007819575
3,2,MLSL,50,370.38485946320003
3,2,Non-elitist,50,160.7206483454
3,2,PSO,50,132.0436455237
3,3,BFGS,50,8787.6055394153
3,3,DE,50,342.6014431796
3,3,Elitist,50,224.1254559726
3,3,MLSL,50,128.7864648924
3,3,Non-elitist,50,166.5405638275
3,3,PSO,50,136.9512332424
3,4,BFGS,50,6959.4889906751005
3,4,DE,50,311.8905825634
3,4,Elitist,50,258.3782925108
3,4,MLSL,50,192.2275574826
3,4,Non-elitist,50,158.5523821031
3,4,PSO,50,150.8180998713
3,5,BFGS,50,9397.3343617222
3,5,DE,50,378.2482699761
3,5,Elitist,50,426.77284703469996
3,5,MLSL,50,368.3583754458
3,5,Non-elitist,50,156.2091033737
3,5,PSO,50,229.571583174
4,1,BFGS,50,5692.676428007
4,1,DE,50,466.8724407841
4,1,Elitist,50,461.7507324874
4,1,MLSL,50,172.22750914769998
4,1,Non-elitist,50,310.9087124875
4,1,PSO,50,222.5552002659
4,2,BFGS,50,6442.1934775361005
4,2,DE,50,483.8634471033
4,2,Elitist,50,377.2872400471
4,2,MLSL,50,309.9164320726
4,2,Non-elitist,50,236.8173633523
4,2,PSO,50,197.9264822751
4,3,BFGS,50,7395.0973881979
4,3,DE,50,520.9226361747001
4,3,Elitist,50,323.8696599156
4,3,MLSL,50,238.789575556
4,3,Non-elitist,50,209.3520595653
4,3,PSO,50,164.7217420483
4,4,BFGS,50,8050.747790214799
4,4,DE,50,476.7633271637
4,4,Elitist,50,376.3054177805
4,4,MLSL,50,139.0232250642
4,4,Non-elitist,50,261.6788276134
4,4,PSO,50,230.6749756767
4,5,BFGS,50,5429.7612155515
4,5,DE,50,498.5572910377
4,5,Elitist,50,453.823586015
4,5,MLSL,50,371.7188597802
4,5,Non-elitist,50,278.6089675142
4,5,PSO,50,224.4599369844
5,1,BFGS,50,1597.2362542595
5,1,DE,50,119.10606461180001
5,1,Elitist,50,0.0
5,1,MLSL,50,112.8555344843
5,1,Non-elitist,50,16.3925198117
5,1,PSO,50,0.0
5,2,BFGS,50,1737.5540703932
5,2,DE,50,82.0097280556
5,2,Elitist,50,0.0
5,2,MLSL,50,126.8011609105
5,2,Non-elitist,50,0.020715683
5,2,PSO,50,0.0037124854
5,3,BFGS,50,1678.9085891956
5,3,DE,50,117.0078292548
5,3,Elitist,50,0.0
5,3,MLSL,50,120.1136650948
5,3,Non-elitist,50,9.9053240445
5,3,PSO,50,10.4112588221
5,4,BFGS,50,1750.076241327
5,4,DE,50,5.6487333214
5,4,Elitist,50,0.0
5,4,MLSL,50,158.9877034033
5,4,Non-elitist,50,2.6044600693
5,4,PSO,50,0.0
5,5,BFGS,50,1419.0940007545
5,5,DE,50,120.8327982373
5,5,Elitist,50,0.0
5,5,MLSL,50,146.6064165087
5,5,Non-elitist,50,14.1751404844
5,5,PSO,50,0.0
6,1,BFGS,50,23.4635195335
6,1,DE,50,75.8339545528
6,1,Elitist,50,0.0913289107
6,1,MLSL,50,309.3373243298
6,1,Non-elitist,50,0.0188160428
6,1,PSO,50,3.3848660035
6,2,BFGS,50,5.1642994333
6,2,DE,50,117.7994331687
6,2,Elitist,50,0.0216375517
6,2,MLSL,50,449.3635774692
6,2,Non-elitist,50,0.0167057573
6,2,PSO,50,1.7061335794
6,3,BFGS,50,43219.118368052295
6,3,DE,50,84.1063774551
6,3,Elitist,50,0.35057290620000003
6,3,MLSL,50,505.5477935471
6,3,Non-elitist,50,0.020247804299999998
6,3,PSO,50,2.0985429369
6,4,BFGS,50,245607.2350619396
6,4,DE,50,68.5568885989
6,4,Elitist,50,0.0039472812000000005
6,4,MLSL,50,6487.9497720994
6,4,Non-elitist,50,0.0136442961
6,4,PSO,50,0.9760426503999999
6,5,BFGS,50,28.6039945134
6,5,DE,50,77.9644187963
6,5,Elitist,50,0.294118547
6,5,MLSL,50,383.2848843768
6,5,Non-elitist,50,0.0321133532
6,5,PSO,50,2.2605275757
7,1,BFGS,50,9526.724594143
7,1,DE,50,38.0999326381
7,1,Elitist,50,46.4479090036
7,1,MLSL,50,114.0385431942
7,1,Non-elitist,50,27.9013418836
7,1,PSO,50,17.117092844400002
7,2,BFGS,50,15614.3971441007
7,2,DE,50,29.934139965
7,2,Elitist,50,19.3403207248
7,2,MLSL,50,112.8493910695
7,2,Non-elitist,50,11.7631353592
7,2,PSO,50,7.1556074717
7,3,BFGS,50,23917.660034697
7,3,DE,50,36.9215766516
7,3,Elitist,50,41.2163622324
7,3,MLSL,50,141.6011725909
7,3,Non-elitist,50,27.5238942095
7,3,PSO,50,10.6181750428
7,4,BFGS,50,14031.0610565661
7,4,DE,50,30.1724405859
7,4,Elitist,50,39.4838728785
7,4,MLSL,50,166.3996240999
7,4,Non-elitist,50,13.6638374252
7,4,PSO,50,9.6223185833
7,5,BFGS,50,14468.5264568933
7,5,DE,50,33.6774829545
7,5,Elitist,50,43.6344962458
7,5,MLSL,50,144.2037938817
7,5,Non-elitist,50,11.6573552307
7,5,PSO,50,11.223061382600001
8,1,BFGS,50,11.7925183031
8,1,DE,50,497.4948954944
8,1,Elitist,50,40.684230183000004
8,1,MLSL,50,2868.2498811018
8,1,Non-elitist,50,110.1403333577
8,1,PSO,50,54.2556273907
8,2,BFGS,50,7.8616788684
8,2,DE,50,585.0398473864
8,2,Elitist,50,184.98636748860002
8,2,MLSL,50,1126.9229574601
8,2,Non-elitist,50,51.8889984163
8,2,PSO,50,151.9549817768
8,3,BFGS,50,15.7233577377
8,3,DE,50,501.6480100136
8,3,Elitist,50,17.0057901339
8,3,MLSL,50,1135.3193046825
8,3,Non-elitist,50,19.7813520098
8,3,PSO,50,49.8195561498
8,4,BFGS,50,35.3775549081
8,4,DE,50,462.9266426835
8,4,Elitist,50,30.4497090638
8,4,MLSL,50,1113.1509625777
8,4,Non-elitist,50,29.9574899144
8,4,PSO,50,38.698876234
8,5,BFGS,50,19.6541971715
8,5,DE,50,346.9693794835
8,5,Elitist,50,40.207173174
8,5,MLSL,50,763.2278276729
8,5,Non-elitist,50,24.845522646899997
8,5,PSO,50,45.7085169592
9,1,BFGS,50,15.7233577364
9,1,DE,50,661.4129998679
9,1,Elitist,50,14.27450977
9,1,MLSL,50,1403.686109186
9,1,Non-elitist,50,14.302410089
9,1,PSO,50,50.8987988188
9,2,BFGS,50,23.5850366046
9,2,DE,50,386.8706079485
9,2,Elitist,50,22.2294896101
9,2,MLSL,50,1292.9512599228
9,2,Non-elitist,50,14.1605777722
9,2,PSO,50,51.7228651796
9,3,BFGS,50,19.6541971705
9,3,DE,50,451.7886550257
9,3,Elitist,50,25.7209276152
9,3,MLSL,50,1085.2689661469
9,3,Non-elitist,50,18.0525341257
9,3,PSO,50,48.9723737496
9,4,BFGS,50,11.7925183023
9,4,DE,50,659.5312780641
9,4,Elitist,50,33.5564727748
9,4,MLSL,50,2198.4890588721
9,4,Non-elitist,50,19.6236221505
9,4,PSO,50,53.9521575945
9,5,BFGS,50,7.8616788682
9,5,DE,50,510.0560315006
9,5,Elitist,50,22.7520704124
9,5,MLSL,50,1582.8441674819999
9,5,Non-elitist,50,26.3489401098
9,5,PSO,50,42.6431625729
10,1,BFGS,50,0.0014757218
10,1,DE,50,60349.0648278003
10,1,Elitist,50,2636.6559183662002
10,1,MLSL,50,158015.0434173546
10,1,Non-elitist,50,64.80173663149999
10,1,PSO,50,19234.6554835475
10,2,BFGS,50,5.5993100000000004e-05
10,2,DE,50,64034.4135492641
10,2,Elitist,50,2898.7286588851
10,2,MLSL,50,182452.9943749643
10,2,Non-elitist,50,521.9863357744
10,2,PSO,50,8497.6419759828
10,3,BFGS,50,0.0003830677
10,3,DE,50,35339.5881279946
10,3,Elitist,50,2000.3741277361
10,3,MLSL,50,65632.3091822164
10,3,Non-elitist,50,146.3949319464
10,3,PSO,50,3881.9260783527
10,4,BFGS,50,0.0003110964
10,4,DE,50,58356.9476040077
10,4,Elitist,50,6076.3951640699
10,4,MLSL,50,221137.85671331448
10,4,Non-elitist,50,230.0983126569
10,4,PSO,50,3205.525971439
10,5,BFGS,50,1.76343e-05
10,5,DE,50,41298.045554019496
10,5,Elitist,50,5468.139920355
10,5,MLSL,50,150436.6102328216
10,5,Non-elitist,50,1166.8868539153
10,5,PSO,50,16002.9399365513
11,1,BFGS,50,0.0009377658
11,1,DE,50,668.0051451192
11,1,Elitist,50,342.9771667587
11,1,MLSL,50,789.0271206221
11,1,Non-elitist,50,30.9294800942
11,1,PSO,50,437.5165162235
11,2,BFGS,50,0.0008090423
11,2,DE,50,1078.2867790334
11,2,Elitist,50,528.9790743039
11,2,MLSL,50,972.8183689034
11,2,Non-elitist,50,69.465340878
11,2,PSO,50,745.202032348
11,3,BFGS,50,0.0012406739
11,3,DE,50,642.3170950428
11,3,Elitist,50,334.13868465769997
11,3,MLSL,50,658.6024407515999
11,3,Non-elitist,50,27.4936694136
11,3,PSO,50,413.3980544667
11,4,BFGS,50,0.0010873481
11,4,DE,50,934.0416488431
11,4,Elitist,50,582.9539188169
11,4,MLSL,50,976.1094319497
11,4,Non-elitist,50,181.4794427354
11,4,PSO,50,957.3102483607
11,5,BFGS,50,0.0006105677
11,5,DE,50,634.0529691125
11,5,Elitist,50,296.7597445109
11,5,MLSL,50,709.4209073106
11,5,Non-elitist,50,28.2298572075
11,5,PSO,50,591.5844675
12,1,BFGS,50,233667013.6090033
12,1,DE,50,1395439.8551050522
12,1,Elitist,50,126.7368137076
12,1,MLSL,50,233227.3878125786
12,1,Non-elitist,50,158.4438895439
12,1,PSO,50,769.9868854291
12,2,BFGS,50,7275688415.446058
12,2,DE,50,2087331.4742020776
12,2,Elitist,50,107.3741367628
12,2,MLSL,50,352650.0008187351
12,2,Non-elitist,50,69.8211485754
12,2,PSO,50,476.5624457153
12,3,BFGS,50,6795948857.179884
12,3,DE,50,1145464.2410109097
12,3,Elitist,50,92.3258665158
12,3,MLSL,50,559411.9191303408
12,3,Non-elitist,50,52.6700429354
12,3,PSO,50,579.18181129
12,4,BFGS,50,3748756867.158967
12,4,DE,50,1668789.056553261
12,4,Elitist,50,50.812848366299995
12,4,MLSL,50,135481.1607408793
12,4,Non-elitist,50,69.8772423662
12,4,PSO,50,512.2130142375
12,5,BFGS,50,2034770250.7044234
12,5,DE,50,2081951.7547512176
12,5,Elitist,50,103.0797335121
12,5,MLSL,50,201738.3684051014
12,5,Non-elitist,50,66.6467060568
12,5,PSO,50,691.7930336475
13,1,BFGS,50,0.0214947053
13,1,DE,50,1174.6305443395
13,1,Elitist,50,107.4719505041
13,1,MLSL,50,1412.2344098862
13,1,Non-elitist,50,53.7301378088
13,1,PSO,50,126.3670711781
13,2,BFGS,50,0.0093929692
13,2,DE,50,1103.6502854821001
13,2,Elitist,50,168.0664208839
13,2,MLSL,50,891.7897239437
13,2,Non-elitist,50,7.5487548182
13,2,PSO,50,227.22799665370002
13,3,BFGS,50,0.0048668426
13,3,DE,50,1055.8178044807
13,3,Elitist,50,113.9552744176
13,3,MLSL,50,1417.1486229277
13,3,Non-elitist,50,24.9110476647
13,3,PSO,50,124.2855509536
13,4,BFGS,50,0.0227247789
13,4,DE,50,1413.9651438202
13,4,Elitist,50,122.48359541810001
13,4,MLSL,50,2096.7825042599998
13,4,Non-elitist,50,22.2719309817
13,4,PSO,50,85.39637638079999
13,5,BFGS,50,0.0200320849
13,5,DE,50,1469.1645740847
13,5,Elitist,50,141.2556064366
13,5,MLSL,50,1271.0459232381
13,5,Non-elitist,50,22.6458654485
13,5,PSO,50,177.7665736154
14,1,BFGS,50,3.53803e-05
14,1,DE,50,4.2933974834
14,1,Elitist,50,0.0072630426
14,1,MLSL,50,2.2512667379
14,1,Non-elitist,50,0.0006165026
14,1,PSO,50,0.0397585902
14,2,BFGS,50,4.96987e-05
14,2,DE,50,0.0672640389
14,2,Elitist,50,0.0051881178
14,2,MLSL,50,1.9393764264
14,2,Non-elitist,50,0.0008887402
14,2,PSO,50,0.0309761959
14,3,BFGS,50,2.19626e-05
14,3,DE,50,2.5328569208
14,3,Elitist,50,0.0041975616
14,3,MLSL,50,2.031044396
14,3,Non-elitist,50,0.000655959
14,3,PSO,50,0.029695570600000002
14,4,BFGS,50,4.50492e-05
14,4,DE,50,3.5008023987
14,4,Elitist,50,0.0103933742
14,4,MLSL,50,5.5895664193
14,4,Non-elitist,50,0.0005378287
14,4,PSO,50,0.0450414606
14,5,BFGS,50,9.8099e-06
14,5,DE,50,2.0521984014
14,5,Elitist,50,0.0054562638
14,5,MLSL,50,2.3933243537
14,5,Non-elitist,50,0.0008510876
14,5,PSO,50,0.049940377
15,1,BFGS,50,10037.7266120506
15,1,DE,50,405.1541677183
15,1,Elitist,50,311.587184879
15,1,MLSL,50,672.274171922
15,1,Non-elitist,50,149.3207874243
15,1,PSO,50,207.9782969574
15,2,BFGS,50,4555.627435514
15,2,DE,50,449.2082728909
15,2,Elitist,50,324.8739461789
15,2,MLSL,50,653.0333786224
15,2,Non-elitist,50,123.4318075832
15,2,PSO,50,191.1305984277
15,3,BFGS,50,5232.972171726
15,3,DE,50,482.2248177784
15,3,Elitist,50,298.2201097126
15,3,MLSL,50,578.5804866232
15,3,Non-elitist,50,147.3284965185
15,3,PSO,50,180.2438286116
15,4,BFGS,50,5030.906555578
15,4,DE,50,422.4804859521
15,4,Elitist,50,247.0698923187
15,4,MLSL,50,599.1168256802
15,4,Non-elitist,50,148.24965329580002
15,4,PSO,50,195.7123803476
15,5,BFGS,50,4912.8755969181
15,5,DE,50,458.451159897
15,5,Elitist,50,307.5677852614
15,5,MLSL,50,694.4289207421
15,5,Non-elitist,50,145.2658801057
15,5,PSO,50,157.7144186743
16,1,BFGS,50,1236.1108733700999
16,1,DE,50,150.3012996123
16,1,Elitist,50,79.6666849256
16,1,MLSL,50,117.8061720183
16,1,Non-elitist,50,19.982727244699998
16,1,PSO,50,46.0672528795
16,2,BFGS,50,1017.4121095472
16,2,DE,50,125.45882720110001
16,2,Elitist,50,103.7939605743
16,2,MLSL,50,125.8718315078
16,2,Non-elitist,50,15.1816928145
16,2,PSO,50,31.7154477046
16,3,BFGS,50,1166.7420120222
16,3,DE,50,124.481470422
16,3,Elitist,50,130.0190910861
16,3,MLSL,50,106.0545491534
16,3,Non-elitist,50,15.7790575073
16,3,PSO,50,32.1326614396
16,4,BFGS,50,1214.7504153054
16,4,DE,50,140.1857526073
16,4,Elitist,50,158.2552108338
16,4,MLSL,50,126.7911898179
16,4,Non-elitist,50,27.5258106216
16,4,PSO,50,39.2930902359
16,5,BFGS,50,1237.8925203305
16,5,DE,50,113.0166519066
16,5,Elitist,50,151.6798947847
16,5,MLSL,50,112.3198855513
16,5,Non-elitist,50,24.4472730026
16,5,PSO,50,54.047905874099996
17,1,BFGS,50,757.8393147595999
17,1,DE,50,18.6308398187
17,1,Elitist,50,10.3636278715
17,1,MLSL,50,39.2103736242
17,1,Non-elitist,50,1.7388007902
17,1,PSO,50,5.8080319034
17,2,BFGS,50,267.7665615303
17,2,DE,50,20.2029176891
17,2,Elitist,50,6.1525707824
17,2,MLSL,50,33.4904725185
17,2,Non-elitist,50,0.6387591802
17,2,PSO,50,4.1297866802
17,3,BFGS,50,349.8978735002
17,3,DE,50,19.7848604893
17,3,Elitist,50,33.0209173488
17,3,MLSL,50,49.165523072300005
17,3,Non-elitist,50,5.1591754674
17,3,PSO,50,7.3753019697
17,4,BFGS,50,517.6620156718
17,4,DE,50,18.3969067975
17,4,Elitist,50,17.1794710423
17,4,MLSL,50,42.7312551624
17,4,Non-elitist,50,9.1142763309
17,4,PSO,50,9.4469174388
17,5,BFGS,50,189.5142495379
17,5,DE,50,19.2859529159
17,5,Elitist,50,13.060560164
17,5,MLSL,50,35.7129361791
17,5,Non-elitist,50,0.7663477275999999
17,5,PSO,50,2.7260742643
18,1,BFGS,50,2102.0715114931
18,1,DE,50,84.8036735435
18,1,Elitist,50,67.0686582153
18,1,MLSL,50,168.7012532438
18,1,Non-elitist,50,2.7850317054
18,1,PSO,50,14.4153277956
18,2,BFGS,50,1010.0527303817
18,2,DE,50,83.78253848359999
18,2,Elitist,50,19.0579064374
18,2,MLSL,50,134.9571840495
18,2,Non-elitist,50,5.3039836604
18,2,PSO,50,16.5978821267
18,3,BFGS,50,1371.437959267
18,3,DE,50,79.3401111446
18,3,Elitist,50,43.3435323487
18,3,MLSL,50,149.4968156434
18,3,Non-elitist,50,7.4434501832999995
18,3,PSO,50,28.916890069
18,4,BFGS,50,2847.5381846026
18,4,DE,50,89.5440483373
18,4,Elitist,50,42.5397589011
18,4,MLSL,50,130.8779414641
18,4,Non-elitist,50,6.388766477400001
18,4,PSO,50,37.3210637362
18,5,BFGS,50,743.5911937671
18,5,DE,50,72.8557542117
18,5,Elitist,50,51.63260984
18,5,MLSL,50,148.27973454119999
18,5,Non-elitist,50,7.2648631475
18,5,PSO,50,17.9046537951
19,1,BFGS,50,901.7475481281
19,1,DE,50,43.2219420981
19,1,Elitist,50,23.3010700631
19,1,MLSL,50,48.2423727559
19,1,Non-elitist,50,19.0913857389
19,1,PSO,50,18.9530039369
19,2,BFGS,50,809.6617698583
19,2,DE,50,40.896281149800004
19,2,Elitist,50,28.047633114
19,2,MLSL,50,46.8559273874
19,2,Non-elitist,50,20.0919563742
19,2,PSO,50,22.2636007622
19,3,BFGS,50,814.5952911658
19,3,DE,50,46.7445189305
19,3,Elitist,50,29.914048606599998
19,3,MLSL,50,59.5714336844
19,3,Non-elitist,50,21.654202711
19,3,PSO,50,21.4401556108
19,4,BFGS,50,837.2653953898
19,4,DE,50,44.1714552955
19,4,Elitist,50,36.5551134583
19,4,MLSL,50,61.6414614943
19,4,Non-elitist,50,24.044763122
19,4,PSO,50,22.0400229203
19,5,BFGS,50,692.9518990484
19,5,DE,50,21.2135632944
19,5,Elitist,50,29.0980448943
19,5,MLSL,50,51.0948908876
19,5,Non-elitist,50,20.4465813306
19,5,PSO,50,20.1078536071
20,1,BFGS,50,30.2558459053
20,1,DE,50,41.2398941337
20,1,Elitist,50,37.0776737527
20,1,MLSL,50,32.2492163448
20,1,Non-elitist,50,34.4315175135
20,1,PSO,50,20.4893128824
20,2,BFGS,50,32.6748062469
20,2,DE,50,40.0830217542
20,2,Elitist,50,32.6568687692
20,2,MLSL,50,32.6140663748
20,2,Non-elitist,50,32.2365800637
20,2,PSO,50,24.4689788801
20,3,BFGS,50,35.9017729436
20,3,DE,50,37.3847714755
20,3,Elitist,50,35.5095532816
20,3,MLSL,50,38.9398235389
20,3,Non-elitist,50,34.1281143696
20,3,PSO,50,21.9183956336
20,4,BFGS,50,29.3296811724
20,4,DE,50,41.5913537461
20,4,Elitist,50,37.394925146
20,4,MLSL,50,36.6744979666
20,4,Non-elitist,50,32.2112411467
20,4,PSO,50,22.5733232578
20,5,BFGS,50,33.2649402134
20,5,DE,50,41.3904746061
20,5,Elitist,50,34.7334399565
20,5,MLSL,50,35.3930236204
20,5,Non-elitist,50,31.1081114283
20,5,PSO,50,20.2146674915
21,1,BFGS,50,225.39490774909999
21,1,DE,50,60.5688443557
21,1,Elitist,50,33.091596707600004
21,1,MLSL,50,45.7037257337
21,1,Non-elitist,50,36.3892834994
21,1,PSO,50,43.3784670235
21,2,BFGS,50,162.55097790920001
21,2,DE,50,45.7288225589
21,2,Elitist,50,47.4681325114
21,2,MLSL,50,48.6633968936
21,2,Non-elitist,50,57.8338462399
21,2,PSO,50,43.559815039
21,3,BFGS,50,201.5696096693
21,3,DE,50,49.0057277796
21,3,Elitist,50,102.2249302145
21,3,MLSL,50,49.5327420146
21,3,Non-elitist,50,59.066718773199995
21,3,PSO,50,39.4617142184
21,4,BFGS,50,253.02893095410002
21,4,DE,50,55.8284750159
21,4,Elitist,50,63.689057407
21,4,MLSL,50,44.3092565391
21,4,Non-elitist,50,66.2035510903
21,4,PSO,50,39.9103625019
21,5,BFGS,50,107.88178444389999
21,5,DE,50,38.2955381153
21,5,Elitist,50,50.216624769
21,5,MLSL,50,46.7538060744
21,5,Non-elitist,50,28.8979145943
21,5,PSO,50,29.9307383816
22,1,BFGS,50,244.6424057415
22,1,DE,50,38.6583434285
22,1,Elitist,50,83.3192085935
22,1,MLSL,50,41.1946231251
22,1,Non-elitist,50,101.696281102
22,1,PSO,50,37.275022300399996
22,2,BFGS,50,315.6030848801
22,2,DE,50,57.0999700821
22,2,Elitist,50,89.5211534081
22,2,MLSL,50,61.909724222200005
22,2,Non-elitist,50,51.9082105821
22,2,PSO,50,54.5949832615
22,3,BFGS,50,239.8633171108
22,3,DE,50,64.0196965615
22,3,Elitist,50,116.5882172477
22,3,MLSL,50,70.74757037
22,3,Non-elitist,50,112.0822768664
22,3,PSO,50,49.1961579119
22,4,BFGS,50,357.9475502402
22,4,DE,50,38.8539366976
22,4,Elitist,50,111.793787492
22,4,MLSL,50,50.9689472484
22,4,Non-elitist,50,110.9581657288
22,4,PSO,50,73.9433889192
22,5,BFGS,50,316.3924287969
22,5,DE,50,26.7401598715
22,5,Elitist,50,172.0630565825
22,5,MLSL,50,51.055835445599996
22,5,Non-elitist,50,60.0037106893
22,5,PSO,50,34.5950362084
23,1,BFGS,50,190.594910852
23,1,DE,50,41.4246885648
23,1,Elitist,50,52.027658870399996
23,1,MLSL,50,37.8409871145
23,1,Non-elitist,50,37.6427376167
23,1,PSO,50,32.0860546568
23,2,BFGS,50,243.5186340294
23,2,DE,50,34.3014583258
23,2,Elitist,50,56.5630370259
23,2,MLSL,50,36.0930257016
23,2,Non-elitist,50,38.2332688974
23,2,PSO,50,35.3726442359
23,3,BFGS,50,237.9813460724
23,3,DE,50,34.0545282906
23,3,Elitist,50,48.8275571864
23,3,MLSL,50,34.3822679619
23,3,Non-elitist,50,29.2042479493
23,3,PSO,50,40.8708621048
23,4,BFGS,50,240.972670194
23,4,DE,50,40.3401001972
23,4,Elitist,50,49.4446068224
23,4,MLSL,50,35.641909294
23,4,Non-elitist,50,36.5952957772
23,4,PSO,50,39.3780841051
23,5,BFGS,50,194.8373504283
23,5,DE,50,40.090595121
23,5,Elitist,50,51.3786665384
23,5,MLSL,50,42.135312842
23,5,Non-elitist,50,33.5118622337
23,5,PSO,50,40.1817810719
24,1,BFGS,50,2111.0836135886
24,1,DE,50,477.4989326932
24,1,Elitist,50,420.5433011893
24,1,MLSL,50,612.4965746843
24,1,Non-elitist,50,232.1301980138
24,1,PSO,50,328.6118239123
24,2,BFGS,50,1967.7623586735
24,2,DE,50,466.8449798093
24,2,Elitist,50,365.3645810271
24,2,MLSL,50,620.336688462
24,2,Non-elitist,50,276.5188921624
24,2,PSO,50,340.103791376
24,3,BFGS,50,1980.933444168
24,3,DE,50,538.6127743601
24,3,Elitist,50,435.4432737299
24,3,MLSL,50,563.7087092046
24,3,Non-elitist,50,283.1111090782
24,3,PSO,50,370.7897167552
24,4,BFGS,50,1947.5623532256
24,4,DE,50,498.5361345042
24,4,Elitist,50,385.2477829916
24,4,MLSL,50,657.1348799319
24,4,Non-elitist,50,271.1335012716
24,4,PSO,50,329.8467369361
24,5,BFGS,50,1644.8090695153
24,5,DE,50,480.1701923317
24,5,Elitist,50,413.3632537282
24,5,MLSL,50,510.46900025
24,5,Non-elitist,50,272.6633676894
24,5,PSO,50,346.1450439837
