iid,rep,a1_budget,algname,achieved_regret,fid_a,fid_b,alpha
6,0,850,Elitist,0.5995692577471697,2,10,0.9
6,1,850,Elitist,0.6482573876488638,2,10,0.9
6,2,850,Elitist,0.8038997472348195,2,10,0.9
6,3,850,Elitist,0.6876850903300735,2,10,0.9
6,4,850,Elitist,0.5411506923407804,2,10,0.9
6,5,850,Elitist,0.6355021816441252,2,10,0.9
6,6,850,Elitist,0.6831436666525501,2,10,0.9
6,7,850,Elitist,0.7554409419183616,2,10,0.9
6,8,850,Elitist,0.8780922239031378,2,10,0.9
6,9,850,Elitist,0.679135076735651,2,10,0.9
6,10,850,Elitist,0.6160280083463712,2,10,0.9
6,11,850,Elitist,0.46055318411819557,2,10,0.9
6,12,850,Elitist,0.6579327842624797,2,10,0.9
6,13,850,Elitist,0.6971352155717228,2,10,0.9
6,14,850,Elitist,0.5483318660295301,2,10,0.9
6,15,850,Elitist,0.6445234858441349,2,10,0.9
6,16,850,Elitist,0.7312511690901984,2,10,0.9
6,17,850,Elitist,0.8298570651598131,2,10,0.9
6,18,850,Elitist,0.9019227436805014,2,10,0.9
6,19,850,Elitist,0.6482481714149658,2,10,0.9
7,0,850,Elitist,0.5527044366838757,2,10,0.9
7,1,850,Elitist,0.6649634576056535,2,10,0.9
7,2,850,Elitist,0.5670844389819637,2,10,0.9
7,3,850,Elitist,0.4576265418320622,2,10,0.9
7,4,850,Elitist,0.557817525428699,2,10,0.9
7,5,850,Elitist,0.623617634424923,2,10,0.9
7,6,850,Elitist,0.6697795352096307,2,10,0.9
7,7,850,Elitist,0.4861259716910742,2,10,0.9
7,8,850,Elitist,0.6844156486375702,2,10,0.9
7,9,850,Elitist,0.4343085607044367,2,10,0.9
7,10,850,Elitist,0.6499840316572062,2,10,0.9
7,11,850,Elitist,0.6946725616706809,2,10,0.9
7,12,850,Elitist,0.539883928517895,2,10,0.9
7,13,850,Elitist,0.7751899521529505,2,10,0.9
7,14,850,Elitist,0.6323097162208046,2,10,0.9
7,15,850,Elitist,0.5941852343186551,2,10,0.9
7,16,850,Elitist,0.7340528221308094,2,10,0.9
7,17,850,Elitist,0.636597783425232,2,10,0.9
7,18,850,Elitist,0.5974050446197812,2,10,0.9
7,19,850,Elitist,0.6421736866281081,2,10,0.9
6,0,850,Elitist,0.9503752093280148,2,10,0.7
6,1,850,Elitist,0.6861938576778892,2,10,0.7
6,2,850,Elitist,0.6340659675609339,2,10,0.7
6,3,850,Elitist,0.7164872272304795,2,10,0.7
6,4,850,Elitist,0.9674178803998097,2,10,0.7
6,5,850,Elitist,0.7020399059560279,2,10,0.7
6,6,850,Elitist,0.6132660682172305,2,10,0.7
6,7,850,Elitist,0.7315554407608954,2,10,0.7
6,8,850,Elitist,0.7229716638397289,2,10,0.7
6,9,850,Elitist,0.7068664153013807,2,10,0.7
6,10,850,Elitist,0.6651636968444492,2,10,0.7
6,11,850,Elitist,0.5049559596612485,2,10,0.7
6,12,850,Elitist,0.6217174214797786,2,10,0.7
6,13,850,Elitist,0.9260155305875404,2,10,0.7
6,14,850,Elitist,0.6602409814308082,2,10,0.7
6,15,850,Elitist,0.8838473031889488,2,10,0.7
6,16,850,Elitist,0.8514141694537073,2,10,0.7
6,17,850,Elitist,0.7406217721193274,2,10,0.7
6,18,850,Elitist,0.7014657667518234,2,10,0.7
6,19,850,Elitist,0.8462508273940224,2,10,0.7
7,0,850,Elitist,0.5503768059254831,2,10,0.7
7,1,850,Elitist,0.7028919040733029,2,10,0.7
7,2,850,Elitist,0.643812431544453,2,10,0.7
7,3,850,Elitist,0.6904999383681116,2,10,0.7
7,4,850,Elitist,0.8417570613116443,2,10,0.7
7,5,850,Elitist,0.4973176136609009,2,10,0.7
7,6,850,Elitist,0.6795621021447442,2,10,0.7
7,7,850,Elitist,0.6999542678189546,2,10,0.7
7,8,850,Elitist,0.7927664313968986,2,10,0.7
7,9,850,Elitist,0.5388682778173544,2,10,0.7
7,10,850,Elitist,0.9024107390365944,2,10,0.7
7,11,850,Elitist,0.7323991829599577,2,10,0.7
7,12,850,Elitist,0.7612382251147151,2,10,0.7
7,13,850,Elitist,0.5408246216014319,2,10,0.7
7,14,850,Elitist,0.618004415104106,2,10,0.7
7,15,850,Elitist,0.5614202065708351,2,10,0.7
7,16,850,Elitist,0.533610614419113,2,10,0.7
7,17,850,Elitist,0.7260911337489909,2,10,0.7
7,18,850,Elitist,0.64261394974312,2,10,0.7
7,19,850,Elitist,0.7357115677616162,2,10,0.7
6,0,850,Elitist,0.7455812195659676,2,10,0.5
6,1,850,Elitist,0.8796443729693483,2,10,0.5
6,2,850,Elitist,0.6134482778400129,2,10,0.5
6,3,850,Elitist,0.7533058678836332,2,10,0.5
6,4,850,Elitist,0.8662925194889377,2,10,0.5
6,5,850,Elitist,0.754588642551846,2,10,0.5
6,6,850,Elitist,0.6065532207394624,2,10,0.5
6,7,850,Elitist,0.5401083269921891,2,10,0.5
6,8,850,Elitist,0.7188567830141311,2,10,0.5
6,9,850,Elitist,0.6896221974609151,2,10,0.5
6,10,850,Elitist,0.5643436646145077,2,10,0.5
6,11,850,Elitist,0.7659908834392165,2,10,0.5
6,12,850,Elitist,0.6352981139453262,2,10,0.5
6,13,850,Elitist,0.7084972180806561,2,10,0.5
6,14,850,Elitist,0.5292411329095404,2,10,0.5
6,15,850,Elitist,0.640590670328006,2,10,0.5
6,16,850,Elitist,0.7602551001302291,2,10,0.5
6,17,850,Elitist,0.7093085887181428,2,10,0.5
6,18,850,Elitist,0.5588582562181598,2,10,0.5
6,19,850,Elitist,0.8470085184764267,2,10,0.5
7,0,850,Elitist,0.7542408893803654,2,10,0.5
7,1,850,Elitist,0.6282297275642663,2,10,0.5
7,2,850,Elitist,0.808976772868991,2,10,0.5
7,3,850,Elitist,0.5535391194494972,2,10,0.5
7,4,850,Elitist,0.6107423088556077,2,10,0.5
7,5,850,Elitist,0.494216848475034,2,10,0.5
7,6,850,Elitist,0.45883894307155415,2,10,0.5
7,7,850,Elitist,0.8814771857051427,2,10,0.5
7,8,850,Elitist,0.9846755673520466,2,10,0.5
7,9,850,Elitist,0.703293363107236,2,10,0.5
7,10,850,Elitist,0.6754140457506224,2,10,0.5
7,11,850,Elitist,0.5360330058931099,2,10,0.5
7,12,850,Elitist,0.6945759022369351,2,10,0.5
7,13,850,Elitist,0.6248398720922814,2,10,0.5
7,14,850,Elitist,0.7683548270336147,2,10,0.5
7,15,850,Elitist,0.7296757770139816,2,10,0.5
7,16,850,Elitist,0.5077359402997308,2,10,0.5
7,17,850,Elitist,0.8076780894211423,2,10,0.5
7,18,850,Elitist,0.6976589366618763,2,10,0.5
7,19,850,Elitist,0.7685727201037207,2,10,0.5
6,0,850,Elitist,0.7881613339337821,2,10,0.3
6,1,850,Elitist,0.8500658778555568,2,10,0.3
6,2,850,Elitist,0.7060214746319609,2,10,0.3
6,3,850,Elitist,0.6759436836989509,2,10,0.3
6,4,850,Elitist,0.5544586135977893,2,10,0.3
6,5,850,Elitist,0.7591401209868832,2,10,0.3
6,6,850,Elitist,0.7750612031179263,2,10,0.3
6,7,850,Elitist,0.5132919046661512,2,10,0.3
6,8,850,Elitist,0.8455938517047239,2,10,0.3
6,9,850,Elitist,0.534585058411807,2,10,0.3
6,10,850,Elitist,0.6575509050997531,2,10,0.3
6,11,850,Elitist,0.6201377458755043,2,10,0.3
6,12,850,Elitist,0.6329884418663962,2,10,0.3
6,13,850,Elitist,0.8910647045054982,2,10,0.3
6,14,850,Elitist,0.7348295117422811,2,10,0.3
6,15,850,Elitist,0.9515469125236962,2,10,0.3
6,16,850,Elitist,0.8221112036557254,2,10,0.3
6,17,850,Elitist,0.7511638711999583,2,10,0.3
6,18,850,Elitist,0.46175827712201223,2,10,0.3
6,19,850,Elitist,0.8353090757593044,2,10,0.3
7,0,850,Elitist,0.9094035389168394,2,10,0.3
7,1,850,Elitist,0.8312194021172353,2,10,0.3
7,2,850,Elitist,0.5824829364085942,2,10,0.3
7,3,850,Elitist,0.6710157860106771,2,10,0.3
7,4,850,Elitist,0.701952871529648,2,10,0.3
7,5,850,Elitist,0.7632821578026889,2,10,0.3
7,6,850,Elitist,0.8480148989418896,2,10,0.3
7,7,850,Elitist,0.7676287184378658,2,10,0.3
7,8,850,Elitist,0.6369683080685582,2,10,0.3
7,9,850,Elitist,0.6430159377566208,2,10,0.3
7,10,850,Elitist,0.7568398973971778,2,10,0.3
7,11,850,Elitist,0.6214118013696043,2,10,0.3
7,12,850,Elitist,0.9253112626258139,2,10,0.3
7,13,850,Elitist,0.5118804444361805,2,10,0.3
7,14,850,Elitist,0.6250955808458416,2,10,0.3
7,15,850,Elitist,1.070094315495705,2,10,0.3
7,16,850,Elitist,0.591196455312057,2,10,0.3
7,17,850,Elitist,0.865024792268552,2,10,0.3
7,18,850,Elitist,1.1148951808023888,2,10,0.3
7,19,850,Elitist,0.7164931434582994,2,10,0.3
6,0,850,Elitist,0.5933005406378435,2,10,0.1
6,1,850,Elitist,0.8977313106000495,2,10,0.1
6,2,850,Elitist,0.6076655444322798,2,10,0.1
6,3,850,Elitist,0.6631400248660835,2,10,0.1
6,4,850,Elitist,0.6419989730344748,2,10,0.1
6,5,850,Elitist,0.6736675866638594,2,10,0.1
6,6,850,Elitist,0.7265419775746077,2,10,0.1
6,7,850,Elitist,0.6049057992366944,2,10,0.1
6,8,850,Elitist,0.6588306533512432,2,10,0.1
6,9,850,Elitist,0.6753543852032299,2,10,0.1
6,10,850,Elitist,0.5937974714640755,2,10,0.1
6,11,850,Elitist,0.8319334003670743,2,10,0.1
6,12,850,Elitist,0.7585348865639728,2,10,0.1
6,13,850,Elitist,0.6678115661861246,2,10,0.1
6,14,850,Elitist,0.8236125066373297,2,10,0.1
6,15,850,Elitist,0.6622264399962594,2,10,0.1
6,16,850,Elitist,0.6747292389904522,2,10,0.1
6,17,850,Elitist,0.755262654562908,2,10,0.1
6,18,850,Elitist,0.7300374995385926,2,10,0.1
6,19,850,Elitist,0.7694773362375295,2,10,0.1
7,0,850,Elitist,0.7357843777181919,2,10,0.1
7,1,850,Elitist,0.9091856512677478,2,10,0.1
7,2,850,Elitist,0.6155028326246811,2,10,0.1
7,3,850,Elitist,0.7050568030955543,2,10,0.1
7,4,850,Elitist,0.7007663920125955,2,10,0.1
7,5,850,Elitist,0.8337324438679689,2,10,0.1
7,6,850,Elitist,0.6090858231594451,2,10,0.1
7,7,850,Elitist,0.7616446704659112,2,10,0.1
7,8,850,Elitist,0.6021704265215384,2,10,0.1
7,9,850,Elitist,0.5431317933932661,2,10,0.1
7,10,850,Elitist,0.8702193152003596,2,10,0.1
7,11,850,Elitist,0.6982657565508141,2,10,0.1
7,12,850,Elitist,0.5318622014425775,2,10,0.1
7,13,850,Elitist,0.5871157395927593,2,10,0.1
7,14,850,Elitist,0.7300995264091983,2,10,0.1
7,15,850,Elitist,0.7216322279334645,2,10,0.1
7,16,850,Elitist,0.6709643352587911,2,10,0.1
7,17,850,Elitist,0.5497900627072541,2,10,0.1
7,18,850,Elitist,0.8097012232939652,2,10,0.1
7,19,850,Elitist,0.8443288940727466,2,10,0.1
6,0,850,Elitist,4.231969202619817,24,21,0.9
6,1,850,Elitist,4.156952270699693,24,21,0.9
6,2,850,Elitist,4.388018972546196,24,21,0.9
6,3,850,Elitist,4.277654477159823,24,21,0.9
6,4,850,Elitist,6.840862748535452,24,21,0.9
6,5,850,Elitist,7.0783802429904,24,21,0.9
6,6,850,Elitist,3.91708466820026,24,21,0.9
6,7,850,Elitist,7.041526906248486,24,21,0.9
6,8,850,Elitist,6.566688104126859,24,21,0.9
6,9,850,Elitist,6.6055430275267,24,21,0.9
6,10,850,Elitist,3.899723724544772,24,21,0.9
6,11,850,Elitist,4.755405378987403,24,21,0.9
6,12,850,Elitist,6.905370669080752,24,21,0.9
6,13,850,Elitist,3.803103550687212,24,21,0.9
6,14,850,Elitist,3.9959606009966886,24,21,0.9
6,15,850,Elitist,4.378696276544937,24,21,0.9
6,16,850,Elitist,4.051722587451548,24,21,0.9
6,17,850,Elitist,4.325281295905883,24,21,0.9
6,18,850,Elitist,6.655404937784134,24,21,0.9
6,19,850,Elitist,4.4408144369326905,24,21,0.9
7,0,850,Elitist,4.413595453285787,24,21,0.9
7,1,850,Elitist,6.823712839443313,24,21,0.9
7,2,850,Elitist,4.190436203992418,24,21,0.9
7,3,850,Elitist,6.948363603711186,24,21,0.9
7,4,850,Elitist,6.576051319993302,24,21,0.9
7,5,850,Elitist,4.099252908289166,24,21,0.9
7,6,850,Elitist,6.397895414725231,24,21,0.9
7,7,850,Elitist,6.746903046569562,24,21,0.9
7,8,850,Elitist,4.246655949175291,24,21,0.9
7,9,850,Elitist,7.118097796554692,24,21,0.9
7,10,850,Elitist,4.839690751973119,24,21,0.9
7,11,850,Elitist,4.512055178068769,24,21,0.9
7,12,850,Elitist,4.122636677628055,24,21,0.9
7,13,850,Elitist,3.8583702071062627,24,21,0.9
7,14,850,Elitist,6.868792748654921,24,21,0.9
7,15,850,Elitist,4.0123791947322385,24,21,0.9
7,16,850,Elitist,3.890156202299803,24,21,0.9
7,17,850,Elitist,7.433187769972655,24,21,0.9
7,18,850,Elitist,4.088912112620738,24,21,0.9
7,19,850,Elitist,6.793359751312597,24,21,0.9
6,0,850,Elitist,1.6340841975654257,24,21,0.7
6,1,850,Elitist,1.4239603225901585,24,21,0.7
6,2,850,Elitist,1.9916756231692225,24,21,0.7
6,3,850,Elitist,1.5994251921794598,24,21,0.7
6,4,850,Elitist,8.547766304578076,24,21,0.7
6,5,850,Elitist,1.132275189604644,24,21,0.7
6,6,850,Elitist,1.6901400666258473,24,21,0.7
6,7,850,Elitist,1.6061221169737305,24,21,0.7
6,8,850,Elitist,2.762685115134584,24,21,0.7
6,9,850,Elitist,2.1337683948666664,24,21,0.7
6,10,850,Elitist,1.658714099468516,24,21,0.7
6,11,850,Elitist,1.8906710864043377,24,21,0.7
6,12,850,Elitist,1.7992375912397065,24,21,0.7
6,13,850,Elitist,1.759437012490256,24,21,0.7
6,14,850,Elitist,1.3814204312950216,24,21,0.7
6,15,850,Elitist,1.4018533239976483,24,21,0.7
6,16,850,Elitist,1.4498104104465603,24,21,0.7
6,17,850,Elitist,1.5576870107513103,24,21,0.7
6,18,850,Elitist,1.8382196948817313,24,21,0.7
6,19,850,Elitist,1.9352210064320419,24,21,0.7
7,0,850,Elitist,1.1787365097582558,24,21,0.7
7,1,850,Elitist,1.3464145551052455,24,21,0.7
7,2,850,Elitist,1.3071400871612884,24,21,0.7
7,3,850,Elitist,2.039194903466468,24,21,0.7
7,4,850,Elitist,1.7793012258500431,24,21,0.7
7,5,850,Elitist,1.8895133127172126,24,21,0.7
7,6,850,Elitist,1.5775865140308531,24,21,0.7
7,7,850,Elitist,1.2603175064308167,24,21,0.7
7,8,850,Elitist,8.447401617033552,24,21,0.7
7,9,850,Elitist,8.350720764685269,24,21,0.7
7,10,850,Elitist,2.1386691315443978,24,21,0.7
7,11,850,Elitist,1.5471045984182128,24,21,0.7
7,12,850,Elitist,1.8697080581727472,24,21,0.7
7,13,850,Elitist,1.6947692906031013,24,21,0.7
7,14,850,Elitist,1.6103628492185162,24,21,0.7
7,15,850,Elitist,1.3364489800808355,24,21,0.7
7,16,850,Elitist,2.02011614049904,24,21,0.7
7,17,850,Elitist,2.1333383762965665,24,21,0.7
7,18,850,Elitist,2.871003885435446,24,21,0.7
7,19,850,Elitist,1.4583009415985968,24,21,0.7
6,0,850,Elitist,0.9585787094714069,24,21,0.5
6,1,850,Elitist,0.6257684608135653,24,21,0.5
6,2,850,Elitist,0.8486845502810146,24,21,0.5
6,3,850,Elitist,0.9531608968433125,24,21,0.5
6,4,850,Elitist,1.1297703308080163,24,21,0.5
6,5,850,Elitist,0.5173030685449845,24,21,0.5
6,6,850,Elitist,0.8494433514051034,24,21,0.5
6,7,850,Elitist,0.970412483407057,24,21,0.5
6,8,850,Elitist,0.5536865093616863,24,21,0.5
6,9,850,Elitist,0.8667419628975075,24,21,0.5
6,10,850,Elitist,0.9418231176171741,24,21,0.5
6,11,850,Elitist,1.0151423448599943,24,21,0.5
6,12,850,Elitist,0.825552752688032,24,21,0.5
6,13,850,Elitist,0.9240775155137438,24,21,0.5
6,14,850,Elitist,1.0390990595378715,24,21,0.5
6,15,850,Elitist,0.6439561951323783,24,21,0.5
6,16,850,Elitist,0.5314153254220816,24,21,0.5
6,17,850,Elitist,1.0274558689406526,24,21,0.5
6,18,850,Elitist,1.017909429131973,24,21,0.5
6,19,850,Elitist,0.707206467405488,24,21,0.5
7,0,850,Elitist,0.9668318952416644,24,21,0.5
7,1,850,Elitist,0.7983754345570024,24,21,0.5
7,2,850,Elitist,0.5975912476531702,24,21,0.5
7,3,850,Elitist,0.8870567588963879,24,21,0.5
7,4,850,Elitist,1.017017202415434,24,21,0.5
7,5,850,Elitist,0.887530959072425,24,21,0.5
7,6,850,Elitist,0.894317426648509,24,21,0.5
7,7,850,Elitist,0.9177021422214648,24,21,0.5
7,8,850,Elitist,0.9691352839636523,24,21,0.5
7,9,850,Elitist,7.127542605564551,24,21,0.5
7,10,850,Elitist,0.9347790197278928,24,21,0.5
7,11,850,Elitist,0.8646759118733119,24,21,0.5
7,12,850,Elitist,0.5871654239060391,24,21,0.5
7,13,850,Elitist,0.8782045139884093,24,21,0.5
7,14,850,Elitist,0.5592333259178907,24,21,0.5
7,15,850,Elitist,0.8294539558239776,24,21,0.5
7,16,850,Elitist,0.5750059040455937,24,21,0.5
7,17,850,Elitist,0.9228937125968305,24,21,0.5
7,18,850,Elitist,1.773865512278877,24,21,0.5
7,19,850,Elitist,0.9209728143774312,24,21,0.5
6,0,850,Elitist,0.5393816298492095,24,21,0.3
6,1,850,Elitist,0.6011725611955914,24,21,0.3
6,2,850,Elitist,0.462608418737278,24,21,0.3
6,3,850,Elitist,0.44779618834369195,24,21,0.3
6,4,850,Elitist,0.3713405948323931,24,21,0.3
6,5,850,Elitist,0.4513694090618562,24,21,0.3
6,6,850,Elitist,0.4954986495257866,24,21,0.3
6,7,850,Elitist,0.39624221695046485,24,21,0.3
6,8,850,Elitist,0.38704054479117345,24,21,0.3
6,9,850,Elitist,0.6481614311754823,24,21,0.3
6,10,850,Elitist,0.5747485274543451,24,21,0.3
6,11,850,Elitist,0.19424271779549748,24,21,0.3
6,12,850,Elitist,0.4348398525961512,24,21,0.3
6,13,850,Elitist,0.43475649618369727,24,21,0.3
6,14,850,Elitist,0.8171740359763571,24,21,0.3
6,15,850,Elitist,0.5743176713131397,24,21,0.3
6,16,850,Elitist,0.506277407412239,24,21,0.3
6,17,850,Elitist,0.6716865474527479,24,21,0.3
6,18,850,Elitist,0.25251813925533956,24,21,0.3
6,19,850,Elitist,0.5052085248240574,24,21,0.3
7,0,850,Elitist,0.46051321615593743,24,21,0.3
7,1,850,Elitist,0.3947625305285838,24,21,0.3
7,2,850,Elitist,0.5546963695734725,24,21,0.3
7,3,850,Elitist,0.7627492304585006,24,21,0.3
7,4,850,Elitist,0.5726767661838842,24,21,0.3
7,5,850,Elitist,0.8053633077241741,24,21,0.3
7,6,850,Elitist,0.2705978219879795,24,21,0.3
7,7,850,Elitist,0.5108144505143212,24,21,0.3
7,8,850,Elitist,0.4600422423920749,24,21,0.3
7,9,850,Elitist,1.0881247963746206,24,21,0.3
7,10,850,Elitist,0.5177560190659137,24,21,0.3
7,11,850,Elitist,0.2972055442789774,24,21,0.3
7,12,850,Elitist,1.079106439021138,24,21,0.3
7,13,850,Elitist,0.5146127431246756,24,21,0.3
7,14,850,Elitist,0.3154536610148253,24,21,0.3
7,15,850,Elitist,0.45839924869216847,24,21,0.3
7,16,850,Elitist,0.20820041445123086,24,21,0.3
7,17,850,Elitist,0.5552406805099017,24,21,0.3
7,18,850,Elitist,0.6363519144250996,24,21,0.3
7,19,850,Elitist,0.6250605230109937,24,21,0.3
6,0,850,Elitist,0.36427427416832164,24,21,0.1
6,1,850,Elitist,0.3911361347054462,24,21,0.1
6,2,850,Elitist,0.30981270208586176,24,21,0.1
6,3,850,Elitist,0.22189053634270778,24,21,0.1
6,4,850,Elitist,0.3241505731482837,24,21,0.1
6,5,850,Elitist,0.6835481236765432,24,21,0.1
6,6,850,Elitist,0.3238784816094165,24,21,0.1
6,7,850,Elitist,0.21251946527855378,24,21,0.1
6,8,850,Elitist,0.1943116301839276,24,21,0.1
6,9,850,Elitist,0.3294541337407857,24,21,0.1
6,10,850,Elitist,0.25535581703492005,24,21,0.1
6,11,850,Elitist,0.6877395838261314,24,21,0.1
6,12,850,Elitist,0.37552885055241214,24,21,0.1
6,13,850,Elitist,0.23819366813626028,24,21,0.1
6,14,850,Elitist,0.6200768168352628,24,21,0.1
6,15,850,Elitist,0.21039249527272488,24,21,0.1
6,16,850,Elitist,0.5574222851952668,24,21,0.1
6,17,850,Elitist,0.5020385987123601,24,21,0.1
6,18,850,Elitist,0.3947931515605778,24,21,0.1
6,19,850,Elitist,0.7191804620059756,24,21,0.1
7,0,850,Elitist,0.23889345361439498,24,21,0.1
7,1,850,Elitist,0.3494642595740844,24,21,0.1
7,2,850,Elitist,0.3801589344759491,24,21,0.1
7,3,850,Elitist,0.22664279029759582,24,21,0.1
7,4,850,Elitist,0.38407218374199903,24,21,0.1
7,5,850,Elitist,0.25768013412804797,24,21,0.1
7,6,850,Elitist,0.25085021386222334,24,21,0.1
7,7,850,Elitist,0.5709513457765688,24,21,0.1
7,8,850,Elitist,0.1875971220830509,24,21,0.1
7,9,850,Elitist,0.6261115720438074,24,21,0.1
7,10,850,Elitist,0.77028102139501,24,21,0.1
7,11,850,Elitist,0.2608128492134052,24,21,0.1
7,12,850,Elitist,0.19409036459302167,24,21,0.1
7,13,850,Elitist,0.2245075644295947,24,21,0.1
7,14,850,Elitist,0.24841688105907755,24,21,0.1
7,15,850,Elitist,6.58289648893607,24,21,0.1
7,16,850,Elitist,0.35286785601257115,24,21,0.1
7,17,850,Elitist,0.22276044909492174,24,21,0.1
7,18,850,Elitist,0.34697888742113236,24,21,0.1
7,19,850,Elitist,0.544725599519507,24,21,0.1
6,0,850,Elitist,2.7997684366703095,21,22,0.9
6,1,850,Elitist,2.6242088201542426,21,22,0.9
6,2,850,Elitist,2.3819302542792458,21,22,0.9
6,3,850,Elitist,2.6706195489449205,21,22,0.9
6,4,850,Elitist,0.4187939585127242,21,22,0.9
6,5,850,Elitist,2.6995087877162134,21,22,0.9
6,6,850,Elitist,2.6667701601504925,21,22,0.9
6,7,850,Elitist,2.4621006462638113,21,22,0.9
6,8,850,Elitist,1.1554944497587591,21,22,0.9
6,9,850,Elitist,2.6372746306671555,21,22,0.9
6,10,850,Elitist,2.638081023244406,21,22,0.9
6,11,850,Elitist,8.06910934621605,21,22,0.9
6,12,850,Elitist,2.4212298619913093,21,22,0.9
6,13,850,Elitist,2.636994992834557,21,22,0.9
6,14,850,Elitist,2.673910552296102,21,22,0.9
6,15,850,Elitist,7.750336693685233,21,22,0.9
6,16,850,Elitist,2.8312073255518264,21,22,0.9
6,17,850,Elitist,2.8358328402132837,21,22,0.9
6,18,850,Elitist,0.2139220640003016,21,22,0.9
6,19,850,Elitist,1.9402156341445789,21,22,0.9
7,0,850,Elitist,1.2163217802458195,21,22,0.9
7,1,850,Elitist,1.25874917209375,21,22,0.9
7,2,850,Elitist,7.080780877526699,21,22,0.9
7,3,850,Elitist,7.018120562043398,21,22,0.9
7,4,850,Elitist,7.018526043186529,21,22,0.9
7,5,850,Elitist,6.6866765600616835,21,22,0.9
7,6,850,Elitist,1.4869188466528493,21,22,0.9
7,7,850,Elitist,1.3007024277564747,21,22,0.9
7,8,850,Elitist,4.424623667642217,21,22,0.9
7,9,850,Elitist,1.217360328413976,21,22,0.9
7,10,850,Elitist,1.3611926779621306,21,22,0.9
7,11,850,Elitist,0.3174814805377309,21,22,0.9
7,12,850,Elitist,1.5027852806313207,21,22,0.9
7,13,850,Elitist,1.3226363480740102,21,22,0.9
7,14,850,Elitist,2.5047180286244166,21,22,0.9
7,15,850,Elitist,1.3204596360447762,21,22,0.9
7,16,850,Elitist,5.892048228854339,21,22,0.9
7,17,850,Elitist,7.078841175088219,21,22,0.9
7,18,850,Elitist,7.146034183431054,21,22,0.9
7,19,850,Elitist,0.757149983075566,21,22,0.9
6,0,850,Elitist,5.809561385558402,21,22,0.7
6,1,850,Elitist,4.2538644811297095,21,22,0.7
6,2,850,Elitist,5.187788426453705,21,22,0.7
6,3,850,Elitist,4.270607085053409,21,22,0.7
6,4,850,Elitist,4.128986060577294,21,22,0.7
6,5,850,Elitist,0.6885942611872331,21,22,0.7
6,6,850,Elitist,0.9166610764576555,21,22,0.7
6,7,850,Elitist,4.261407900127661,21,22,0.7
6,8,850,Elitist,5.362418594749235,21,22,0.7
6,9,850,Elitist,0.7060466960348196,21,22,0.7
6,10,850,Elitist,0.3526093329266768,21,22,0.7
6,11,850,Elitist,4.152417991692958,21,22,0.7
6,12,850,Elitist,0.5346127782230905,21,22,0.7
6,13,850,Elitist,4.269598369268763,21,22,0.7
6,14,850,Elitist,4.052071287890587,21,22,0.7
6,15,850,Elitist,5.227814128021214,21,22,0.7
6,16,850,Elitist,5.414339810078466,21,22,0.7
6,17,850,Elitist,4.106833113027907,21,22,0.7
6,18,850,Elitist,4.388567739602478,21,22,0.7
6,19,850,Elitist,5.231669724980501,21,22,0.7
7,0,850,Elitist,2.8604405497788896,21,22,0.7
7,1,850,Elitist,0.1654572495232318,21,22,0.7
7,2,850,Elitist,0.12096268044069193,21,22,0.7
7,3,850,Elitist,0.3468858228253269,21,22,0.7
7,4,850,Elitist,0.25627796156928917,21,22,0.7
7,5,850,Elitist,0.8389239566697777,21,22,0.7
7,6,850,Elitist,2.5808551726791484,21,22,0.7
7,7,850,Elitist,0.2455970146403856,21,22,0.7
7,8,850,Elitist,0.1507906927233064,21,22,0.7
7,9,850,Elitist,1.2902602249257924,21,22,0.7
7,10,850,Elitist,0.28959419414838167,21,22,0.7
7,11,850,Elitist,1.1793717479737484,21,22,0.7
7,12,850,Elitist,0.6819660392150099,21,22,0.7
7,13,850,Elitist,0.43718810330684205,21,22,0.7
7,14,850,Elitist,7.942624941581574,21,22,0.7
7,15,850,Elitist,0.44823009645620526,21,22,0.7
7,16,850,Elitist,0.8617605453387092,21,22,0.7
7,17,850,Elitist,0.5937344075163441,21,22,0.7
7,18,850,Elitist,2.6082415449314973,21,22,0.7
7,19,850,Elitist,0.9099995811117657,21,22,0.7
6,0,850,Elitist,1.0427183417670298,21,22,0.5
6,1,850,Elitist,0.628797916386115,21,22,0.5
6,2,850,Elitist,7.402078222693857,21,22,0.5
6,3,850,Elitist,1.5614769366824972,21,22,0.5
6,4,850,Elitist,0.14631171548317534,21,22,0.5
6,5,850,Elitist,0.4887220067398633,21,22,0.5
6,6,850,Elitist,1.046184899371363,21,22,0.5
6,7,850,Elitist,7.211948742775025,21,22,0.5
6,8,850,Elitist,1.1900178455340373,21,22,0.5
6,9,850,Elitist,0.41050608281700496,21,22,0.5
6,10,850,Elitist,0.2467494503040126,21,22,0.5
6,11,850,Elitist,6.774966267184141,21,22,0.5
6,12,850,Elitist,1.2937626224349317,21,22,0.5
6,13,850,Elitist,0.6522726844551754,21,22,0.5
6,14,850,Elitist,7.275868772937484,21,22,0.5
6,15,850,Elitist,0.42626362368106335,21,22,0.5
6,16,850,Elitist,6.569481249451412,21,22,0.5
6,17,850,Elitist,1.1169989519611372,21,22,0.5
6,18,850,Elitist,0.7708130106120029,21,22,0.5
6,19,850,Elitist,7.2831692462047135,21,22,0.5
7,0,850,Elitist,0.4302906333719702,21,22,0.5
7,1,850,Elitist,0.5783734342108634,21,22,0.5
7,2,850,Elitist,0.4721421252515502,21,22,0.5
7,3,850,Elitist,0.2522754902249416,21,22,0.5
7,4,850,Elitist,0.48197263015338526,21,22,0.5
7,5,850,Elitist,1.0648124604298745,21,22,0.5
7,6,850,Elitist,0.31398321198570545,21,22,0.5
7,7,850,Elitist,0.20836596935099197,21,22,0.5
7,8,850,Elitist,6.85058717082799,21,22,0.5
7,9,850,Elitist,0.3567731186864445,21,22,0.5
7,10,850,Elitist,0.6088345239792822,21,22,0.5
7,11,850,Elitist,0.3829420610116353,21,22,0.5
7,12,850,Elitist,0.5714883691210599,21,22,0.5
7,13,850,Elitist,0.31550755552521914,21,22,0.5
7,14,850,Elitist,1.1352227605504503,21,22,0.5
7,15,850,Elitist,1.8077215472837325,21,22,0.5
7,16,850,Elitist,0.40238016810679783,21,22,0.5
7,17,850,Elitist,0.4157776596893278,21,22,0.5
7,18,850,Elitist,0.2679856307592609,21,22,0.5
7,19,850,Elitist,0.6545680824805794,21,22,0.5
6,0,850,Elitist,1.4217792167761112,21,22,0.3
6,1,850,Elitist,2.4987221067701793,21,22,0.3
6,2,850,Elitist,12.82801912337964,21,22,0.3
6,3,850,Elitist,12.743132761109763,21,22,0.3
6,4,850,Elitist,0.6099640299172187,21,22,0.3
6,5,850,Elitist,1.9828586538572381,21,22,0.3
6,6,850,Elitist,0.8640283908422653,21,22,0.3
6,7,850,Elitist,0.6469766300106269,21,22,0.3
6,8,850,Elitist,0.9646975298365477,21,22,0.3
6,9,850,Elitist,0.7773179688989896,21,22,0.3
6,10,850,Elitist,0.8161669714393348,21,22,0.3
6,11,850,Elitist,12.720189447080413,21,22,0.3
6,12,850,Elitist,8.872724214128434,21,22,0.3
6,13,850,Elitist,1.9964084400079902,21,22,0.3
6,14,850,Elitist,0.6167958893376584,21,22,0.3
6,15,850,Elitist,12.987044334495543,21,22,0.3
6,16,850,Elitist,12.950632780349082,21,22,0.3
6,17,850,Elitist,0.9086974632947901,21,22,0.3
6,18,850,Elitist,0.5431540930129584,21,22,0.3
6,19,850,Elitist,1.8769855930254216,21,22,0.3
7,0,850,Elitist,1.1200212052311758,21,22,0.3
7,1,850,Elitist,0.751626912565525,21,22,0.3
7,2,850,Elitist,1.4702471672759851,21,22,0.3
7,3,850,Elitist,0.6453177990654463,21,22,0.3
7,4,850,Elitist,0.8091325495754534,21,22,0.3
7,5,850,Elitist,2.701620826044491,21,22,0.3
7,6,850,Elitist,2.326038001777781,21,22,0.3
7,7,850,Elitist,1.1461274075245622,21,22,0.3
7,8,850,Elitist,0.6572067900551131,21,22,0.3
7,9,850,Elitist,0.36395964601245234,21,22,0.3
7,10,850,Elitist,0.8256449550319903,21,22,0.3
7,11,850,Elitist,0.7406405231302905,21,22,0.3
7,12,850,Elitist,0.5184658841004187,21,22,0.3
7,13,850,Elitist,0.6747317580115747,21,22,0.3
7,14,850,Elitist,0.711848542902807,21,22,0.3
7,15,850,Elitist,1.1792051108776447,21,22,0.3
7,16,850,Elitist,5.085048828196411,21,22,0.3
7,17,850,Elitist,0.5872739582918833,21,22,0.3
7,18,850,Elitist,0.7763417093335172,21,22,0.3
7,19,850,Elitist,1.3002726792452999,21,22,0.3
6,0,850,Elitist,10.847448044602048,21,22,0.1
6,1,850,Elitist,10.691000107614311,21,22,0.1
6,2,850,Elitist,10.904585250315991,21,22,0.1
6,3,850,Elitist,10.861574081196803,21,22,0.1
6,4,850,Elitist,10.9447011649609,21,22,0.1
6,5,850,Elitist,10.685757765274246,21,22,0.1
6,6,850,Elitist,0.7358252903328223,21,22,0.1
6,7,850,Elitist,10.667682268405956,21,22,0.1
6,8,850,Elitist,3.0299928756671224,21,22,0.1
6,9,850,Elitist,10.77129558503697,21,22,0.1
6,10,850,Elitist,10.68048075463064,21,22,0.1
6,11,850,Elitist,10.70718408399547,21,22,0.1
6,12,850,Elitist,10.723755617442993,21,22,0.1
6,13,850,Elitist,10.699963523620644,21,22,0.1
6,14,850,Elitist,10.7461684086911,21,22,0.1
6,15,850,Elitist,10.70123658643217,21,22,0.1
6,16,850,Elitist,10.765429620360823,21,22,0.1
6,17,850,Elitist,10.845277755821108,21,22,0.1
6,18,850,Elitist,0.737769562153718,21,22,0.1
6,19,850,Elitist,10.817246153451695,21,22,0.1
7,0,850,Elitist,5.505030124229046,21,22,0.1
7,1,850,Elitist,9.618445578337113,21,22,0.1
7,2,850,Elitist,2.7066019717222534,21,22,0.1
7,3,850,Elitist,2.721028847457049,21,22,0.1
7,4,850,Elitist,2.782423249445121,21,22,0.1
7,5,850,Elitist,2.812478445226586,21,22,0.1
7,6,850,Elitist,3.5197149716037948,21,22,0.1
7,7,850,Elitist,6.0134914269319415,21,22,0.1
7,8,850,Elitist,6.4270679428114565,21,22,0.1
7,9,850,Elitist,1.5217264078587982,21,22,0.1
7,10,850,Elitist,6.330454182812834,21,22,0.1
7,11,850,Elitist,2.8570663814640636,21,22,0.1
7,12,850,Elitist,6.278865531132745,21,22,0.1
7,13,850,Elitist,6.279700082903225,21,22,0.1
7,14,850,Elitist,6.288214337492038,21,22,0.1
7,15,850,Elitist,5.598821278099545,21,22,0.1
7,16,850,Elitist,6.241966078368355,21,22,0.1
7,17,850,Elitist,6.352136034595547,21,22,0.1
7,18,850,Elitist,2.9080625821316195,21,22,0.1
7,19,850,Elitist,9.657307411606864,21,22,0.1
6,0,850,Elitist,5.656164518393028,24,2,0.9
6,1,850,Elitist,6.155994504775906,24,2,0.9
6,2,850,Elitist,5.7066062042189225,24,2,0.9
6,3,850,Elitist,4.443230951679051,24,2,0.9
6,4,850,Elitist,6.141081086840502,24,2,0.9
6,5,850,Elitist,6.042160607868887,24,2,0.9
6,6,850,Elitist,4.615967716682408,24,2,0.9
6,7,850,Elitist,5.7737012533344245,24,2,0.9
6,8,850,Elitist,4.959627008155745,24,2,0.9
6,9,850,Elitist,5.437839519610763,24,2,0.9
6,10,850,Elitist,5.437291315404709,24,2,0.9
6,11,850,Elitist,4.271480562819381,24,2,0.9
6,12,850,Elitist,5.9524001482288345,24,2,0.9
6,13,850,Elitist,4.458422128650256,24,2,0.9
6,14,850,Elitist,5.9398810318231225,24,2,0.9
6,15,850,Elitist,5.621833826269278,24,2,0.9
6,16,850,Elitist,5.725227708945715,24,2,0.9
6,17,850,Elitist,4.8277600515932315,24,2,0.9
6,18,850,Elitist,5.575769223656555,24,2,0.9
6,19,850,Elitist,4.809108249364913,24,2,0.9
7,0,850,Elitist,4.2482781935386,24,2,0.9
7,1,850,Elitist,3.8907323239294205,24,2,0.9
7,2,850,Elitist,4.910834360522369,24,2,0.9
7,3,850,Elitist,4.64339793877869,24,2,0.9
7,4,850,Elitist,4.0148758918417755,24,2,0.9
7,5,850,Elitist,5.696247430813295,24,2,0.9
7,6,850,Elitist,5.291605621310957,24,2,0.9
7,7,850,Elitist,4.37277828499034,24,2,0.9
7,8,850,Elitist,6.076363378502189,24,2,0.9
7,9,850,Elitist,6.22196031833051,24,2,0.9
7,10,850,Elitist,4.594561683914202,24,2,0.9
7,11,850,Elitist,4.348363517303346,24,2,0.9
7,12,850,Elitist,5.810728327522868,24,2,0.9
7,13,850,Elitist,4.243577167979412,24,2,0.9
7,14,850,Elitist,3.8692512798447862,24,2,0.9
7,15,850,Elitist,4.265471612745546,24,2,0.9
7,16,850,Elitist,5.751901809557942,24,2,0.9
7,17,850,Elitist,4.370556629821178,24,2,0.9
7,18,850,Elitist,5.860313218011678,24,2,0.9
7,19,850,Elitist,4.495348054488338,24,2,0.9
6,0,850,Elitist,2.4997441951128385,24,2,0.7
6,1,850,Elitist,2.9658754713718896,24,2,0.7
6,2,850,Elitist,2.628886216081507,24,2,0.7
6,3,850,Elitist,2.7191055771294077,24,2,0.7
6,4,850,Elitist,2.8417739166959386,24,2,0.7
6,5,850,Elitist,3.305901886556134,24,2,0.7
6,6,850,Elitist,2.565828532673615,24,2,0.7
6,7,850,Elitist,3.0526461527800484,24,2,0.7
6,8,850,Elitist,2.7700809212035025,24,2,0.7
6,9,850,Elitist,3.3249415242820395,24,2,0.7
6,10,850,Elitist,2.5483240531684483,24,2,0.7
6,11,850,Elitist,3.179316840339908,24,2,0.7
6,12,850,Elitist,2.6896139030619275,24,2,0.7
6,13,850,Elitist,2.6135103139001252,24,2,0.7
6,14,850,Elitist,2.7864880859623433,24,2,0.7
6,15,850,Elitist,2.6232858419756973,24,2,0.7
6,16,850,Elitist,3.8858873427651544,24,2,0.7
6,17,850,Elitist,2.6753735758192434,24,2,0.7
6,18,850,Elitist,2.513412049695622,24,2,0.7
6,19,850,Elitist,2.647651571664633,24,2,0.7
7,0,850,Elitist,2.69901874383032,24,2,0.7
7,1,850,Elitist,2.7595474773486592,24,2,0.7
7,2,850,Elitist,2.6368498109687613,24,2,0.7
7,3,850,Elitist,2.9624872070636212,24,2,0.7
7,4,850,Elitist,2.6764061710223963,24,2,0.7
7,5,850,Elitist,2.533970758457531,24,2,0.7
7,6,850,Elitist,2.5370731119733776,24,2,0.7
7,7,850,Elitist,2.699032858413565,24,2,0.7
7,8,850,Elitist,2.889058380900091,24,2,0.7
7,9,850,Elitist,2.947313517346581,24,2,0.7
7,10,850,Elitist,4.400132247990507,24,2,0.7
7,11,850,Elitist,2.496583049212856,24,2,0.7
7,12,850,Elitist,2.7961824572332765,24,2,0.7
7,13,850,Elitist,2.9950598998841134,24,2,0.7
7,14,850,Elitist,2.594302330790523,24,2,0.7
7,15,850,Elitist,2.931462554569927,24,2,0.7
7,16,850,Elitist,3.0685098289888884,24,2,0.7
7,17,850,Elitist,2.773335656616873,24,2,0.7
7,18,850,Elitist,2.572027680517417,24,2,0.7
7,19,850,Elitist,2.2815898834871855,24,2,0.7
6,0,850,Elitist,1.8618470166950594,24,2,0.5
6,1,850,Elitist,2.0424064087318565,24,2,0.5
6,2,850,Elitist,2.519830663868667,24,2,0.5
6,3,850,Elitist,1.684377494715895,24,2,0.5
6,4,850,Elitist,2.0486401227706095,24,2,0.5
6,5,850,Elitist,1.9426521961424466,24,2,0.5
6,6,850,Elitist,1.8590583724901788,24,2,0.5
6,7,850,Elitist,2.5307514576211627,24,2,0.5
6,8,850,Elitist,1.8351510110829063,24,2,0.5
6,9,850,Elitist,1.557896357006886,24,2,0.5
6,10,850,Elitist,1.9680348969740873,24,2,0.5
6,11,850,Elitist,2.1409292594342055,24,2,0.5
6,12,850,Elitist,1.5420549371146361,24,2,0.5
6,13,850,Elitist,1.9480209797530652,24,2,0.5
6,14,850,Elitist,2.606952413498709,24,2,0.5
6,15,850,Elitist,1.9117950280174496,24,2,0.5
6,16,850,Elitist,2.074868045857544,24,2,0.5
6,17,850,Elitist,2.053746476051478,24,2,0.5
6,18,850,Elitist,2.3919578000487958,24,2,0.5
6,19,850,Elitist,1.7202947716639136,24,2,0.5
7,0,850,Elitist,1.6017833286740453,24,2,0.5
7,1,850,Elitist,1.7707236078103814,24,2,0.5
7,2,850,Elitist,1.3945292554922886,24,2,0.5
7,3,850,Elitist,2.427020580117569,24,2,0.5
7,4,850,Elitist,1.9316537326375274,24,2,0.5
7,5,850,Elitist,2.061540143310104,24,2,0.5
7,6,850,Elitist,1.9949467999894368,24,2,0.5
7,7,850,Elitist,1.9922357337960115,24,2,0.5
7,8,850,Elitist,1.5345935576743421,24,2,0.5
7,9,850,Elitist,1.7070182095964948,24,2,0.5
7,10,850,Elitist,1.536571695730851,24,2,0.5
7,11,850,Elitist,1.822407457036258,24,2,0.5
7,12,850,Elitist,1.6776010336923233,24,2,0.5
7,13,850,Elitist,2.3953984741522283,24,2,0.5
7,14,850,Elitist,1.4251238878591472,24,2,0.5
7,15,850,Elitist,2.0936280736108643,24,2,0.5
7,16,850,Elitist,1.7600646360578671,24,2,0.5
7,17,850,Elitist,1.8322607440500018,24,2,0.5
7,18,850,Elitist,1.553348677702411,24,2,0.5
7,19,850,Elitist,1.8329982049592113,24,2,0.5
6,0,850,Elitist,1.069701458526203,24,2,0.3
6,1,850,Elitist,1.395975907979088,24,2,0.3
6,2,850,Elitist,1.15189052074837,24,2,0.3
6,3,850,Elitist,1.5345386208594796,24,2,0.3
6,4,850,Elitist,1.1607648758467493,24,2,0.3
6,5,850,Elitist,1.1043121008181742,24,2,0.3
6,6,850,Elitist,1.0005296582668524,24,2,0.3
6,7,850,Elitist,1.2803587601081778,24,2,0.3
6,8,850,Elitist,0.9012265430097428,24,2,0.3
6,9,850,Elitist,1.1138796167730913,24,2,0.3
6,10,850,Elitist,0.8537218679867541,24,2,0.3
6,11,850,Elitist,1.1802737016020226,24,2,0.3
6,12,850,Elitist,1.1024649841233432,24,2,0.3
6,13,850,Elitist,1.0210412421781716,24,2,0.3
6,14,850,Elitist,1.1244757299822976,24,2,0.3
6,15,850,Elitist,1.195596019586153,24,2,0.3
6,16,850,Elitist,1.3648178840252652,24,2,0.3
6,17,850,Elitist,1.1659194067330814,24,2,0.3
6,18,850,Elitist,1.3654278534431514,24,2,0.3
6,19,850,Elitist,0.9984290390706098,24,2,0.3
7,0,850,Elitist,1.1154438047763002,24,2,0.3
7,1,850,Elitist,0.9250830484572906,24,2,0.3
7,2,850,Elitist,0.9641844030275994,24,2,0.3
7,3,850,Elitist,0.95368239061101,24,2,0.3
7,4,850,Elitist,0.8543717257130956,24,2,0.3
7,5,850,Elitist,1.0225036897837811,24,2,0.3
7,6,850,Elitist,1.022502058463681,24,2,0.3
7,7,850,Elitist,0.942596717182021,24,2,0.3
7,8,850,Elitist,1.0726572447771805,24,2,0.3
7,9,850,Elitist,1.1354116376709695,24,2,0.3
7,10,850,Elitist,1.235175165501324,24,2,0.3
7,11,850,Elitist,1.19896517694025,24,2,0.3
7,12,850,Elitist,0.9201075155319409,24,2,0.3
7,13,850,Elitist,1.1109334675644895,24,2,0.3
7,14,850,Elitist,1.0858740073393862,24,2,0.3
7,15,850,Elitist,1.1578775090743088,24,2,0.3
7,16,850,Elitist,0.997438325972004,24,2,0.3
7,17,850,Elitist,0.9672952562678124,24,2,0.3
7,18,850,Elitist,1.221022630966989,24,2,0.3
7,19,850,Elitist,0.9362102308742635,24,2,0.3
6,0,850,Elitist,0.8289585274425635,24,2,0.1
6,1,850,Elitist,0.6847271754399548,24,2,0.1
6,2,850,Elitist,0.6872743229278507,24,2,0.1
6,3,850,Elitist,0.8597026258138413,24,2,0.1
6,4,850,Elitist,0.8744706007697919,24,2,0.1
6,5,850,Elitist,0.6090408793821381,24,2,0.1
6,6,850,Elitist,0.9456596119587088,24,2,0.1
6,7,850,Elitist,0.9831461643354311,24,2,0.1
6,8,850,Elitist,0.9202078065228562,24,2,0.1
6,9,850,Elitist,0.7096584365172799,24,2,0.1
6,10,850,Elitist,0.5842946279505278,24,2,0.1
6,11,850,Elitist,0.7295810959592003,24,2,0.1
6,12,850,Elitist,0.6122005219731155,24,2,0.1
6,13,850,Elitist,0.7954605249459751,24,2,0.1
6,14,850,Elitist,0.7541340837115612,24,2,0.1
6,15,850,Elitist,0.6278145270886376,24,2,0.1
6,16,850,Elitist,0.7073909078227415,24,2,0.1
6,17,850,Elitist,0.5947955378797622,24,2,0.1
6,18,850,Elitist,0.4321722911001865,24,2,0.1
6,19,850,Elitist,0.6797697341355774,24,2,0.1
7,0,850,Elitist,0.9101072456964012,24,2,0.1
7,1,850,Elitist,0.6074393352085031,24,2,0.1
7,2,850,Elitist,0.5977850594180629,24,2,0.1
7,3,850,Elitist,0.6533670521344781,24,2,0.1
7,4,850,Elitist,0.8342724713079588,24,2,0.1
7,5,850,Elitist,0.5353527278724568,24,2,0.1
7,6,850,Elitist,0.8158658987268614,24,2,0.1
7,7,850,Elitist,0.6260293812748651,24,2,0.1
7,8,850,Elitist,0.6611429899977673,24,2,0.1
7,9,850,Elitist,0.4712047846484317,24,2,0.1
7,10,850,Elitist,0.6401272456856294,24,2,0.1
7,11,850,Elitist,0.5810051321770213,24,2,0.1
7,12,850,Elitist,0.5761854898879115,24,2,0.1
7,13,850,Elitist,0.6475675834841242,24,2,0.1
7,14,850,Elitist,0.5567973527708004,24,2,0.1
7,15,850,Elitist,0.4547328134004073,24,2,0.1
7,16,850,Elitist,0.6313492592661516,24,2,0.1
7,17,850,Elitist,0.7782729791134948,24,2,0.1
7,18,850,Elitist,0.5725839442248603,24,2,0.1
7,19,850,Elitist,0.641329362215318,24,2,0.1
